month,borough,date,count_2019,count_2020,citibike_original,citibike
Feb,Brooklyn,20200201,4338,7845,0.808437068,80.8437068
Feb,Manhattan,20200201,20213,6537,-0.676594271,-67.6594271
Feb,Manhattan,20200202,16617,26724,0.608232533,60.8232533
Feb,Brooklyn,20200202,4876,6404,0.313371616,31.3371616
Feb,Brooklyn,20200203,7200,8953,0.243472222,24.3472222
Feb,Queen,20200203,926,973,0.05075594,5.075594
Feb,Manhattan,20200203,23806,21353,-0.10304125,-10.304125
Feb,Manhattan,20200204,37508,43300,0.15442039,15.442039
Feb,Brooklyn,20200204,7952,8815,0.108526157,10.8526157
Feb,Queen,20200204,914,836,-0.085339168,-8.5339168
Feb,Queen,20200205,1148,1269,0.105400697,10.5400697
Feb,Manhattan,20200205,43588,42380,-0.02771405,-2.771405
Feb,Brooklyn,20200205,9425,8300,-0.119363395,-11.9363395
Feb,Queen,20200206,836,1283,0.534688995,53.4688995
Feb,Manhattan,20200206,31474,41102,0.305903285,30.5903285
Feb,Brooklyn,20200206,6903,5497,-0.20367956,-20.367956
Feb,Queen,20200207,937,1142,0.218783351,21.8783351
Feb,Brooklyn,20200207,7178,5602,-0.219559766,-21.9559766
Feb,Manhattan,20200207,35062,26001,-0.258427928,-25.8427928
Feb,Brooklyn,20200208,6156,7175,0.165529565,16.5529565
Feb,Manhattan,20200208,29526,26281,-0.109903136,-10.9903136
Feb,Queen,20200208,772,658,-0.147668394,-14.7668394
Feb,Manhattan,20200209,17877,24662,0.379537954,37.9537954
Feb,Brooklyn,20200209,5227,7085,0.355462024,35.5462024
Feb,Queen,20200209,661,760,0.149773071,14.9773071
Feb,Queen,20200210,649,946,0.457627119,45.7627119
Feb,Manhattan,20200210,18132,24666,0.360357379,36.0357379
Feb,Brooklyn,20200210,5350,4512,-0.156635514,-15.6635514
Feb,Queen,20200211,790,884,0.118987342,11.8987342
Feb,Brooklyn,20200211,6657,6298,-0.053928196,-5.3928196
Feb,Manhattan,20200211,31189,21654,-0.305716759,-30.5716759
Feb,Brooklyn,20200212,2857,8135,1.84739237,184.739237
Feb,Manhattan,20200212,12611,30556,1.422964079,142.2964079
Feb,Queen,20200212,386,566,0.466321244,46.6321244
Feb,Queen,20200213,636,935,0.470125786,47.0125786
Feb,Manhattan,20200213,28340,40066,0.413761468,41.3761468
Feb,Brooklyn,20200213,5965,6204,0.040067058,4.0067058
Feb,Queen,20200214,863,1135,0.315179606,31.5179606
Feb,Brooklyn,20200214,6954,6265,-0.099079666,-9.9079666
Feb,Manhattan,20200214,33833,30374,-0.10223746,-10.223746
Feb,Queen,20200215,952,835,-0.12289916,-12.289916
Feb,Manhattan,20200215,38056,29824,-0.216312802,-21.6312802
Feb,Brooklyn,20200215,7855,4722,-0.398854233,-39.8854233
Feb,Brooklyn,20200216,7077,6027,-0.148367953,-14.8367953
Feb,Queen,20200216,1028,832,-0.190661479,-19.0661479
Feb,Manhattan,20200216,22929,16259,-0.290897989,-29.0897989
Feb,Brooklyn,20200217,5373,8542,0.589800856,58.9800856
Feb,Manhattan,20200217,17875,20491,0.14634965,14.634965
Feb,Queen,20200217,789,617,-0.217997465,-21.7997465
Feb,Manhattan,20200218,19820,31229,0.575630676,57.5630676
Feb,Brooklyn,20200218,5299,7296,0.376863559,37.6863559
Feb,Queen,20200218,708,758,0.070621469,7.0621469
Feb,Queen,20200219,772,1175,0.522020725,52.2020725
Feb,Brooklyn,20200219,5730,7987,0.393891798,39.3891798
Feb,Manhattan,20200219,28174,35770,0.269610279,26.9610279
Feb,Queen,20200220,423,1038,1.453900709,145.3900709
Feb,Manhattan,20200220,16562,40168,1.425310953,142.5310953
Feb,Brooklyn,20200220,3441,6918,1.010462075,101.0462075
Feb,Queen,20200221,799,1158,0.44931164,44.931164
Feb,Manhattan,20200221,32561,34804,0.068886091,6.8886091
Feb,Brooklyn,20200221,6139,6440,0.049030787,4.9030787
Feb,Brooklyn,20200222,6751,8840,0.309435639,30.9435639
Feb,Queen,20200222,897,964,0.074693423,7.4693423
Feb,Manhattan,20200222,34146,31298,-0.083406548,-8.3406548
Feb,Brooklyn,20200223,7033,10024,0.425280819,42.5280819
Feb,Manhattan,20200223,23689,29419,0.241884419,24.1884419
Feb,Queen,20200223,886,948,0.069977427,6.9977427
Feb,Queen,20200224,613,1184,0.931484502,93.1484502
Feb,Manhattan,20200224,18526,35077,0.893393069,89.3393069
Feb,Brooklyn,20200224,5133,9211,0.794467173,79.4467173
Feb,Queen,20200225,686,1443,1.103498542,110.3498542
Feb,Manhattan,20200225,28094,45821,0.630988823,63.0988823
Feb,Brooklyn,20200225,5436,6655,0.224245769,22.4245769
Feb,Queen,20200226,736,1317,0.789402174,78.9402174
Feb,Brooklyn,20200226,6281,7376,0.174335297,17.4335297
Feb,Manhattan,20200226,30499,31973,0.048329453,4.8329453
Feb,Queen,20200227,707,940,0.329561528,32.9561528
Feb,Manhattan,20200227,29644,36792,0.241128053,24.1128053
Feb,Brooklyn,20200227,6124,6763,0.104343566,10.4343566
Feb,Queen,20200228,771,1039,0.347600519,34.7600519
Feb,Manhattan,20200228,31123,35754,0.14879671,14.879671
Feb,Brooklyn,20200228,6329,7123,0.125454258,12.5454258
Mar,Queen,20200301,567,927,0.634920635,63.4920635
Mar,Brooklyn,20200301,5340,6822,0.27752809,27.752809
Mar,Manhattan,20200301,24321,24129,-0.007894412,-0.7894412
Mar,Manhattan,20200302,13875,46300,2.336936937,233.6936937
Mar,Queen,20200302,431,1347,2.125290023,212.5290023
Mar,Brooklyn,20200302,3694,9299,1.517325393,151.7325393
Mar,Manhattan,20200303,17344,40271,1.321898063,132.1898063
Mar,Queen,20200303,574,1131,0.970383275,97.0383275
Mar,Brooklyn,20200303,5321,8321,0.563803796,56.3803796
Mar,Queen,20200304,559,1353,1.42039356,142.039356
Mar,Brooklyn,20200304,4364,9534,1.184692942,118.4692942
Mar,Manhattan,20200304,23498,47783,1.033492212,103.3492212
Mar,Queen,20200305,733,1386,0.890859482,89.0859482
Mar,Brooklyn,20200305,5784,9572,0.654910097,65.4910097
Mar,Manhattan,20200305,30580,47728,0.560758666,56.0758666
Mar,Queen,20200306,593,840,0.416526138,41.6526138
Mar,Brooklyn,20200306,5234,6072,0.160106993,16.0106993
Mar,Manhattan,20200306,27452,27223,-0.008341833,-0.8341833
Mar,Brooklyn,20200307,5609,9094,0.621322874,62.1322874
Mar,Queen,20200307,787,1071,0.360864041,36.0864041
Mar,Manhattan,20200307,29511,29283,-0.007725933,-0.7725933
Mar,Queen,20200308,773,1381,0.786545925,78.6545925
Mar,Brooklyn,20200308,6564,10439,0.590341255,59.0341255
Mar,Manhattan,20200308,33069,35174,0.063654782,6.3654782
Mar,Manhattan,20200309,29598,55625,0.879349956,87.9349956
Mar,Queen,20200309,918,1710,0.862745098,86.2745098
Mar,Brooklyn,20200309,8412,11433,0.359129815,35.9129815
Mar,Queen,20200310,413,1574,2.811138015,281.1138015
Mar,Manhattan,20200310,14578,51681,2.545136507,254.5136507
Mar,Brooklyn,20200310,3906,11022,1.821812596,182.1812596
Mar,Queen,20200311,1139,1687,0.481123793,48.1123793
Mar,Brooklyn,20200311,8836,11112,0.257582617,25.7582617
Mar,Manhattan,20200311,42438,49017,0.155026156,15.5026156
Mar,Queen,20200312,1037,1458,0.405978785,40.5978785
Mar,Brooklyn,20200312,7721,8956,0.159953374,15.9953374
Mar,Manhattan,20200312,38449,40918,0.064214934,6.4214934
Mar,Queen,20200313,1150,1381,0.200869565,20.0869565
Mar,Brooklyn,20200313,8233,8682,0.054536621,5.4536621
Mar,Manhattan,20200313,40737,33280,-0.183052262,-18.3052262
Mar,Queen,20200314,1293,1689,0.306264501,30.6264501
Mar,Brooklyn,20200314,9480,11068,0.167510549,16.7510549
Mar,Manhattan,20200314,46693,31482,-0.325766175,-32.5766175
Mar,Queen,20200315,1297,1414,0.090208173,9.0208173
Mar,Brooklyn,20200315,9793,8670,-0.114673747,-11.4673747
Mar,Manhattan,20200315,46416,26056,-0.438641848,-43.8641848
Mar,Manhattan,20200316,31343,23090,-0.263312382,-26.3312382
Mar,Queen,20200316,1462,1016,-0.30506156,-30.506156
Mar,Brooklyn,20200316,9333,5375,-0.424086575,-42.4086575
Mar,Queen,20200317,1152,933,-0.190104167,-19.0104167
Mar,Manhattan,20200317,27597,18944,-0.313548574,-31.3548574
Mar,Brooklyn,20200317,8075,4454,-0.448421053,-44.8421053
Mar,Queen,20200318,1157,1173,0.013828868,1.3828868
Mar,Brooklyn,20200318,7905,5952,-0.247058824,-24.7058824
Mar,Manhattan,20200318,37470,23371,-0.376274353,-37.6274353
Mar,Queen,20200319,1318,806,-0.388467375,-38.8467375
Mar,Brooklyn,20200319,9096,4197,-0.538588391,-53.8588391
Mar,Manhattan,20200319,42567,15839,-0.627904245,-62.7904245
Mar,Queen,20200320,1336,1340,0.002994012,0.2994012
Mar,Brooklyn,20200320,9475,6341,-0.330765172,-33.0765172
Mar,Manhattan,20200320,44568,23646,-0.469439957,-46.9439957
Mar,Queen,20200321,566,1427,1.521201413,152.1201413
Mar,Brooklyn,20200321,3764,7442,0.977151966,97.7151966
Mar,Manhattan,20200321,16908,22843,0.35101727,35.101727
Mar,Queen,20200322,906,882,-0.026490066,-2.6490066
Mar,Brooklyn,20200322,6043,4592,-0.240112527,-24.0112527
Mar,Manhattan,20200322,28514,14417,-0.494388721,-49.4388721
Mar,Manhattan,20200323,27750,3180,-0.885405405,-88.5405405
Mar,Brooklyn,20200323,8357,717,-0.914203662,-91.4203662
Mar,Queen,20200323,1268,102,-0.91955836,-91.955836
Mar,Queen,20200324,1562,1015,-0.350192061,-35.0192061
Mar,Manhattan,20200324,37616,15493,-0.588127393,-58.8127393
Mar,Brooklyn,20200324,11134,4355,-0.608855757,-60.8855757
Mar,Queen,20200325,1330,430,-0.676691729,-67.6691729
Mar,Brooklyn,20200325,9121,2177,-0.761320031,-76.1320031
Mar,Manhattan,20200325,43000,9459,-0.780023256,-78.0023256
Mar,Queen,20200326,1419,1075,-0.242424242,-24.2424242
Mar,Brooklyn,20200326,9261,4545,-0.509232264,-50.9232264
Mar,Manhattan,20200326,44734,16376,-0.633924979,-63.3924979
Mar,Queen,20200327,1375,1313,-0.045090909,-4.5090909
Mar,Brooklyn,20200327,9067,5873,-0.352266461,-35.2266461
Mar,Manhattan,20200327,44031,19318,-0.561263655,-56.1263655
Mar,Queen,20200328,1415,321,-0.773144876,-77.3144876
Mar,Brooklyn,20200328,9685,1747,-0.819617966,-81.9617966
Mar,Manhattan,20200328,47427,6803,-0.8565585,-85.65585
Mar,Queen,20200329,1429,332,-0.767669699,-76.7669699
Mar,Brooklyn,20200329,10155,1899,-0.812998523,-81.2998523
Mar,Manhattan,20200329,47721,7415,-0.844617674,-84.4617674
Mar,Queen,20200330,1920,580,-0.697916667,-69.7916667
Mar,Manhattan,20200330,49928,11581,-0.768045986,-76.8045986
Mar,Brooklyn,20200330,14814,2880,-0.805589307,-80.5589307
Mar,Queen,20200331,948,661,-0.302742616,-30.2742616
Mar,Manhattan,20200331,24590,11573,-0.529361529,-52.9361529
Mar,Brooklyn,20200331,7224,2762,-0.617663344,-61.7663344
Apr,Queen,20200401,1256,895,-0.287420382,-28.7420382
Apr,Brooklyn,20200401,8944,4240,-0.525939177,-52.5939177
Apr,Manhattan,20200401,41191,15228,-0.630307591,-63.0307591
Apr,Queen,20200402,1357,799,-0.411201179,-41.1201179
Apr,Brooklyn,20200402,9482,3656,-0.614427336,-61.4427336
Apr,Manhattan,20200402,47052,14557,-0.69061889,-69.061889
Apr,Queen,20200403,1602,383,-0.760923845,-76.0923845
Apr,Brooklyn,20200403,11546,2259,-0.804347826,-80.4347826
Apr,Manhattan,20200403,54763,8667,-0.841736209,-84.1736209
Apr,Queen,20200404,1743,1421,-0.184738956,-18.4738956
Apr,Brooklyn,20200404,11251,6554,-0.417474002,-41.7474002
Apr,Manhattan,20200404,53402,20892,-0.608778697,-60.8778697
Apr,Queen,20200405,819,1213,0.481074481,48.1074481
Apr,Brooklyn,20200405,6096,5644,-0.074146982,-7.4146982
Apr,Manhattan,20200405,27544,18898,-0.313897764,-31.3897764
Apr,Queen,20200406,2183,1202,-0.449381585,-44.9381585
Apr,Manhattan,20200406,48891,18025,-0.631322738,-63.1322738
Apr,Brooklyn,20200406,15455,5433,-0.64846328,-64.846328
Apr,Queen,20200407,2216,1222,-0.448555957,-44.8555957
Apr,Manhattan,20200407,48220,17608,-0.634840315,-63.4840315
Apr,Brooklyn,20200407,14273,4816,-0.662579696,-66.2579696
Apr,Queen,20200408,1814,1026,-0.434399118,-43.4399118
Apr,Brooklyn,20200408,11863,4042,-0.659276743,-65.9276743
Apr,Manhattan,20200408,56823,15676,-0.724125794,-72.4125794
Apr,Queen,20200409,1453,555,-0.618031659,-61.8031659
Apr,Brooklyn,20200409,9599,2487,-0.740910512,-74.0910512
Apr,Manhattan,20200409,48275,11150,-0.76903159,-76.903159
Apr,Queen,20200410,1733,710,-0.590305828,-59.0305828
Apr,Brooklyn,20200410,11883,2876,-0.757973576,-75.7973576
Apr,Manhattan,20200410,57361,12690,-0.778769547,-77.8769547
Apr,Queen,20200411,1498,1666,0.112149533,11.2149533
Apr,Brooklyn,20200411,10267,7693,-0.250706146,-25.0706146
Apr,Manhattan,20200411,50649,23783,-0.530434954,-53.0434954
Apr,Queen,20200412,1310,1414,0.079389313,7.9389313
Apr,Brooklyn,20200412,9479,7567,-0.201709041,-20.1709041
Apr,Manhattan,20200412,47209,22583,-0.521637823,-52.1637823
Apr,Brooklyn,20200413,16283,1879,-0.884603574,-88.4603574
Apr,Queen,20200413,2576,288,-0.888198758,-88.8198758
Apr,Manhattan,20200413,52633,5630,-0.893032888,-89.3032888
Apr,Queen,20200414,1800,1297,-0.279444444,-27.9444444
Apr,Brooklyn,20200414,13077,5595,-0.572149576,-57.2149576
Apr,Manhattan,20200414,43593,18391,-0.57812034,-57.812034
Apr,Queen,20200415,1100,1092,-0.007272727,-0.7272727
Apr,Brooklyn,20200415,7763,4529,-0.416591524,-41.6591524
Apr,Manhattan,20200415,36791,16567,-0.549699655,-54.9699655
Apr,Queen,20200416,1514,904,-0.402906209,-40.2906209
Apr,Brooklyn,20200416,10900,3784,-0.652844037,-65.2844037
Apr,Manhattan,20200416,50902,14882,-0.707634278,-70.7634278
Apr,Queen,20200417,1557,734,-0.528580604,-52.8580604
Apr,Brooklyn,20200417,10891,3734,-0.657148104,-65.7148104
Apr,Manhattan,20200417,52790,14425,-0.72674749,-72.674749
Apr,Queen,20200418,1455,607,-0.582817869,-58.2817869
Apr,Brooklyn,20200418,10248,3350,-0.673106948,-67.3106948
Apr,Manhattan,20200418,49852,11952,-0.760250341,-76.0250341
Apr,Queen,20200419,1783,2227,0.249018508,24.9018508
Apr,Brooklyn,20200419,11637,11157,-0.041247744,-4.1247744
Apr,Manhattan,20200419,51513,33665,-0.346475647,-34.6475647
Apr,Queen,20200420,1059,937,-0.115203022,-11.5203022
Apr,Manhattan,20200420,27467,16472,-0.40029854,-40.029854
Apr,Brooklyn,20200420,8258,4473,-0.458343425,-45.8343425
Apr,Queen,20200421,1543,696,-0.548930655,-54.8930655
Apr,Manhattan,20200421,38263,13170,-0.655803256,-65.5803256
Apr,Brooklyn,20200421,12059,3184,-0.73596484,-73.596484
Apr,Queen,20200422,1177,979,-0.168224299,-16.8224299
Apr,Brooklyn,20200422,8102,5140,-0.365588744,-36.5588744
Apr,Manhattan,20200422,34830,17664,-0.492850991,-49.2850991
Apr,Queen,20200423,1915,836,-0.563446475,-56.3446475
Apr,Brooklyn,20200423,13389,3642,-0.72798566,-72.798566
Apr,Manhattan,20200423,60130,14647,-0.756411109,-75.6411109
Apr,Queen,20200424,1991,488,-0.754897037,-75.4897037
Apr,Manhattan,20200424,61782,9890,-0.839921013,-83.9921013
Apr,Brooklyn,20200424,13950,2232,-0.84,-84
Apr,Queen,20200425,1536,3074,1.001302083,100.1302083
Apr,Brooklyn,20200425,10474,14321,0.367290433,36.7290433
Apr,Manhattan,20200425,48811,41503,-0.14972035,-14.972035
Apr,Queen,20200426,816,324,-0.602941176,-60.2941176
Apr,Brooklyn,20200426,6161,1979,-0.678785911,-67.8785911
Apr,Manhattan,20200426,30138,7283,-0.758344947,-75.8344947
Apr,Queen,20200427,1599,714,-0.553470919,-55.3470919
Apr,Manhattan,20200427,41998,13789,-0.671674842,-67.1674842
Apr,Brooklyn,20200427,12837,3292,-0.74355379,-74.355379
Apr,Queen,20200428,1066,2125,0.993433396,99.3433396
Apr,Brooklyn,20200428,9112,8754,-0.03928885,-3.928885
Apr,Manhattan,20200428,31022,28740,-0.073560699,-7.3560699
Apr,Queen,20200429,1398,870,-0.377682403,-37.7682403
Apr,Brooklyn,20200429,10032,4160,-0.585326954,-58.5326954
Apr,Manhattan,20200429,49359,16623,-0.663222513,-66.3222513
Apr,Queen,20200430,1463,571,-0.609706083,-60.9706083
Apr,Brooklyn,20200430,10487,2625,-0.749690092,-74.9690092
Apr,Manhattan,20200430,50710,11346,-0.776257148,-77.6257148
May,Queen,20200501,1435,1173,-0.182578397,-18.2578397
May,Brooklyn,20200501,10158,4916,-0.516046466,-51.6046466
May,Manhattan,20200501,49304,18856,-0.617556385,-61.7556385
May,Queen,20200502,1637,4210,1.571777642,157.1777642
May,Brooklyn,20200502,11264,17674,0.569069602,56.9069602
May,Manhattan,20200502,55800,50924,-0.087383513,-8.7383513
May,Queen,20200503,1490,3609,1.422147651,142.2147651
May,Brooklyn,20200503,10356,15628,0.509076864,50.9076864
May,Manhattan,20200503,50559,44494,-0.11995886,-11.995886
May,Queen,20200504,1651,1663,0.007268322,0.7268322
May,Brooklyn,20200504,11756,6768,-0.424293978,-42.4293978
May,Manhattan,20200504,42616,23925,-0.438591139,-43.8591139
May,Queen,20200505,469,1799,2.835820896,283.5820896
May,Brooklyn,20200505,3513,7531,1.143751779,114.3751779
May,Manhattan,20200505,12187,25748,1.112743087,111.2743087
May,Queen,20200506,1798,746,-0.585094549,-58.5094549
May,Brooklyn,20200506,11720,3363,-0.713054608,-71.3054608
May,Manhattan,20200506,56396,13165,-0.766561458,-76.6561458
May,Queen,20200507,1732,2346,0.354503464,35.4503464
May,Brooklyn,20200507,12179,9576,-0.213728549,-21.3728549
May,Manhattan,20200507,58913,31743,-0.461188532,-46.1188532
May,Queen,20200508,1902,712,-0.625657203,-62.5657203
May,Brooklyn,20200508,13038,3729,-0.713989876,-71.3989876
May,Manhattan,20200508,61449,12875,-0.790476655,-79.0476655
May,Queen,20200509,1669,1279,-0.233672858,-23.3672858
May,Brooklyn,20200509,11158,5943,-0.467377666,-46.7377666
May,Manhattan,20200509,53854,20506,-0.619229769,-61.9229769
May,Queen,20200510,1662,2874,0.729241877,72.9241877
May,Brooklyn,20200510,11883,13271,0.11680552,11.680552
May,Manhattan,20200510,54494,38303,-0.297115279,-29.7115279
May,Queen,20200511,2264,971,-0.571113074,-57.1113074
May,Manhattan,20200511,51078,17086,-0.665491993,-66.5491993
May,Brooklyn,20200511,16446,4649,-0.717317281,-71.7317281
May,Queen,20200512,337,1780,4.28189911,428.189911
May,Brooklyn,20200512,2230,7412,2.323766816,232.3766816
May,Manhattan,20200512,8162,26760,2.278608184,227.8608184
May,Queen,20200513,565,2140,2.787610619,278.7610619
May,Brooklyn,20200513,4026,8714,1.164431197,116.4431197
May,Manhattan,20200513,17705,29676,0.676136685,67.6136685
May,Queen,20200514,1019,2295,1.252208047,125.2208047
May,Brooklyn,20200514,7382,8826,0.195610946,19.5610946
May,Manhattan,20200514,34379,30393,-0.115942872,-11.5942872
May,Queen,20200515,1731,2902,0.676487579,67.6487579
May,Brooklyn,20200515,12568,11810,-0.060311903,-6.0311903
May,Manhattan,20200515,60008,38045,-0.3660012,-36.60012
May,Queen,20200516,1903,4419,1.322122964,132.2122964
May,Brooklyn,20200516,13373,20026,0.497494953,49.7494953
May,Manhattan,20200516,62602,55682,-0.110539599,-11.0539599
May,Queen,20200517,1783,3932,1.205272013,120.5272013
May,Brooklyn,20200517,12921,15372,0.1896912,18.96912
May,Manhattan,20200517,57408,44090,-0.231988573,-23.1988573
May,Queen,20200518,2266,1979,-0.126654898,-12.6654898
May,Manhattan,20200518,53423,28923,-0.458603972,-45.8603972
May,Brooklyn,20200518,17454,8124,-0.534547955,-53.4547955
May,Queen,20200519,2171,2063,-0.049746661,-4.9746661
May,Manhattan,20200519,51939,30118,-0.420127457,-42.0127457
May,Brooklyn,20200519,15810,8610,-0.45540797,-45.540797
May,Queen,20200520,1759,2295,0.30471859,30.471859
May,Brooklyn,20200520,13170,9622,-0.269400152,-26.9400152
May,Manhattan,20200520,59560,33513,-0.437323707,-43.7323707
May,Queen,20200521,1929,2531,0.312078797,31.2078797
May,Brooklyn,20200521,13938,10253,-0.264385134,-26.4385134
May,Manhattan,20200521,63387,35651,-0.437566062,-43.7566062
May,Queen,20200522,2144,2471,0.152518657,15.2518657
May,Brooklyn,20200522,14652,10136,-0.308217308,-30.8217308
May,Manhattan,20200522,65211,34706,-0.467789177,-46.7789177
May,Queen,20200523,1468,1134,-0.227520436,-22.7520436
May,Brooklyn,20200523,10247,4775,-0.534009954,-53.4009954
May,Manhattan,20200523,44860,17053,-0.619861792,-61.9861792
May,Queen,20200524,2016,3922,0.945436508,94.5436508
May,Brooklyn,20200524,14606,18446,0.262905655,26.2905655
May,Manhattan,20200524,58235,50328,-0.135777453,-13.5777453
May,Queen,20200525,1991,3972,0.994977398,99.4977398
May,Brooklyn,20200525,14223,16554,0.163889475,16.3889475
May,Manhattan,20200525,43278,47176,0.090068857,9.0068857
May,Queen,20200526,1627,2980,0.831591887,83.1591887
May,Manhattan,20200526,36983,38863,0.050834167,5.0834167
May,Brooklyn,20200526,11340,11030,-0.027336861,-2.7336861
May,Queen,20200527,2315,2921,0.261771058,26.1771058
May,Manhattan,20200527,49377,40498,-0.179820564,-17.9820564
May,Brooklyn,20200527,14903,11399,-0.235120446,-23.5120446
May,Queen,20200528,1336,2312,0.730538922,73.0538922
May,Brooklyn,20200528,10633,9052,-0.148688047,-14.8688047
May,Manhattan,20200528,47463,34552,-0.272022417,-27.2022417
May,Queen,20200529,1295,2719,1.0996139,109.96139
May,Brooklyn,20200529,10048,11678,0.162221338,16.2221338
May,Manhattan,20200529,43746,38749,-0.114227587,-11.4227587
May,Queen,20200530,1048,5033,3.802480916,380.2480916
May,Brooklyn,20200530,9492,20877,1.1994311,119.94311
May,Manhattan,20200530,41941,60863,0.451157579,45.1157579
May,Queen,20200531,1790,4484,1.505027933,150.5027933
May,Brooklyn,20200531,15366,20266,0.318885852,31.8885852
May,Manhattan,20200531,66191,55663,-0.159054856,-15.9054856
Jun,Queen,20200601,2379,2730,0.147540984,14.7540984
Jun,Manhattan,20200601,56050,38832,-0.307190009,-30.7190009
Jun,Brooklyn,20200601,17990,11153,-0.380044469,-38.0044469
Jun,Queen,20200602,2068,2059,-0.004352031,-0.4352031
Jun,Manhattan,20200602,49739,34486,-0.306660769,-30.6660769
Jun,Brooklyn,20200602,15491,9777,-0.368859338,-36.8859338
Jun,Queen,20200603,2027,1426,-0.296497287,-29.6497287
Jun,Brooklyn,20200603,13897,5805,-0.582283946,-58.2283946
Jun,Manhattan,20200603,61770,21434,-0.653003076,-65.3003076
Jun,Queen,20200604,1981,2204,0.112569409,11.2569409
Jun,Brooklyn,20200604,15004,8401,-0.440082645,-44.0082645
Jun,Manhattan,20200604,66314,28889,-0.564360467,-56.4360467
Jun,Queen,20200605,2007,1585,-0.210264076,-21.0264076
Jun,Brooklyn,20200605,14241,6779,-0.523980058,-52.3980058
Jun,Manhattan,20200605,62557,24598,-0.606790607,-60.6790607
Jun,Queen,20200606,2023,2880,0.423628275,42.3628275
Jun,Brooklyn,20200606,14330,12788,-0.10760642,-10.760642
Jun,Manhattan,20200606,65003,40406,-0.37839792,-37.839792
Jun,Queen,20200607,2165,4546,1.099769053,109.9769053
Jun,Brooklyn,20200607,15249,20190,0.324021247,32.4021247
Jun,Manhattan,20200607,65536,55402,-0.154632568,-15.4632568
Jun,Queen,20200608,2510,3210,0.278884462,27.8884462
Jun,Manhattan,20200608,56150,43622,-0.223116652,-22.3116652
Jun,Brooklyn,20200608,19436,13717,-0.294247788,-29.4247788
Jun,Queen,20200609,2618,3297,0.259358289,25.9358289
Jun,Manhattan,20200609,53448,45241,-0.153551115,-15.3551115
Jun,Brooklyn,20200609,17906,12825,-0.283759634,-28.3759634
Jun,Queen,20200610,986,3276,2.322515213,232.2515213
Jun,Brooklyn,20200610,7222,13512,0.870949875,87.0949875
Jun,Manhattan,20200610,28816,46002,0.596404775,59.6404775
Jun,Queen,20200611,1993,2154,0.08078274,8.078274
Jun,Brooklyn,20200611,14130,8610,-0.390658174,-39.0658174
Jun,Manhattan,20200611,61929,32838,-0.469747614,-46.9747614
Jun,Queen,20200612,2279,3819,0.675734971,67.5734971
Jun,Brooklyn,20200612,15752,16450,0.044311833,4.4311833
Jun,Manhattan,20200612,67011,51882,-0.225768904,-22.5768904
Jun,Queen,20200613,1437,4796,2.337508699,233.7508699
Jun,Brooklyn,20200613,9357,22183,1.370738485,137.0738485
Jun,Manhattan,20200613,38401,62317,0.622796281,62.2796281
Jun,Queen,20200614,2205,4499,1.040362812,104.0362812
Jun,Brooklyn,20200614,15888,20775,0.307590634,30.7590634
Jun,Manhattan,20200614,62520,54024,-0.135892514,-13.5892514
Jun,Queen,20200615,2817,2932,0.040823571,4.0823571
Jun,Manhattan,20200615,52709,42481,-0.194046558,-19.4046558
Jun,Brooklyn,20200615,18373,11772,-0.3592772,-35.92772
Jun,Queen,20200616,1827,3209,0.756431308,75.6431308
Jun,Manhattan,20200616,40582,48262,0.189246464,18.9246464
Jun,Brooklyn,20200616,13114,13477,0.027680342,2.7680342
Jun,Queen,20200617,1988,3103,0.560865191,56.0865191
Jun,Brooklyn,20200617,13106,12852,-0.019380436,-1.9380436
Jun,Manhattan,20200617,57436,47597,-0.171303712,-17.1303712
Jun,Queen,20200618,953,3198,2.355718783,235.5718783
Jun,Brooklyn,20200618,6763,12769,0.888067426,88.8067426
Jun,Manhattan,20200618,28686,45734,0.59429687,59.429687
Jun,Queen,20200619,1545,3681,1.382524272,138.2524272
Jun,Brooklyn,20200619,12012,18646,0.552281052,55.2281052
Jun,Manhattan,20200619,50117,56453,0.126424167,12.6424167
Jun,Queen,20200620,1372,4449,2.24271137,224.271137
Jun,Brooklyn,20200620,11227,20090,0.789436181,78.9436181
Jun,Manhattan,20200620,47327,55793,0.17888309,17.888309
Jun,Queen,20200621,1782,3873,1.173400673,117.3400673
Jun,Brooklyn,20200621,13333,17849,0.338708468,33.8708468
Jun,Manhattan,20200621,50571,50062,-0.010065057,-1.0065057
Jun,Queen,20200622,2828,2841,0.004596888,0.4596888
Jun,Manhattan,20200622,54786,44590,-0.186105939,-18.6105939
Jun,Brooklyn,20200622,18998,11993,-0.368723023,-36.8723023
Jun,Queen,20200623,2834,3431,0.210656316,21.0656316
Jun,Manhattan,20200623,54942,49524,-0.098613083,-9.8613083
Jun,Brooklyn,20200623,17770,13945,-0.215250422,-21.5250422
Jun,Queen,20200624,2119,3196,0.508258613,50.8258613
Jun,Brooklyn,20200624,14233,13645,-0.041312443,-4.1312443
Jun,Manhattan,20200624,63676,49527,-0.222203028,-22.2203028
Jun,Queen,20200625,1915,3156,0.648041775,64.8041775
Jun,Brooklyn,20200625,12339,14712,0.192317044,19.2317044
Jun,Manhattan,20200625,51631,51341,-0.005616781,-0.5616781
Jun,Queen,20200626,2422,3307,0.365400495,36.5400495
Jun,Brooklyn,20200626,15166,16097,0.061387314,6.1387314
Jun,Manhattan,20200626,65713,53818,-0.181014411,-18.1014411
Jun,Queen,20200627,2339,2784,0.190252245,19.0252245
Jun,Brooklyn,20200627,14631,13933,-0.047706924,-4.7706924
Jun,Manhattan,20200627,64607,42217,-0.346556875,-34.6556875
Jun,Queen,20200628,2212,3447,0.558318264,55.8318264
Jun,Brooklyn,20200628,14563,16515,0.134038316,13.4038316
Jun,Manhattan,20200628,61907,48822,-0.211365435,-21.1365435
Jun,Queen,20200629,2242,2846,0.269402319,26.9402319
Jun,Manhattan,20200629,45323,46180,0.018908722,1.8908722
Jun,Brooklyn,20200629,15149,12184,-0.19572249,-19.572249
Jun,Queen,20200630,2221,3059,0.377307519,37.7307519
Jun,Manhattan,20200630,46638,48835,0.047107509,4.7107509
Jun,Brooklyn,20200630,14711,12760,-0.132621848,-13.2621848
