stop_name,daytime_routes,division,line,Neighborhood,borough,borocd,poverty_rate,poverty 100,Near poverty,In or near poverty,density,2019  average,2020 average,%increase average,percent increase edit,sum 2019,2020 sum,under18_rate,over65_rate,pct_white_nh,pct_bach_deg,pct_hh_rent_burd,mean_commute,unemployment
Astoria - Ditmars Blvd,N W,BMT,Astoria,Astoria & Long Island City,Q,401,18.1,16.7,23.3,40,30823.3871,25651.47107,10245.85,-0.628730857,-62.87%,5328545,1951224,14.5,13,48.3,46.4,37.4,40,4.5
Hewes St,J M,BMT,Jamaica,Greenpoint & Williamsburg,Bk,301,15.5,15.4,27,42.5,36826.17021,1670.775342,814.9472222,-0.581766558,-58.18%,1126340,464620,22,9.6,63,49.6,40.2,34.5,3.7
Marcy Av,J M Z,BMT,Jamaica,Greenpoint & Williamsburg,Bk,301,15.5,15.4,27,42.5,36826.17021,1670.775342,814.9472222,-0.625355904,-62.54%,4737232,1750464,22,9.6,63,49.6,40.2,34.5,3.7
Bowery,J Z,BMT,Jamaica,"Greenwich Village, Soho",M,102,8.8,7.9,6.7,14.6,64297.14286,#DIV/0!,5298.277778,-0.670056654,-67.01%,1344043,441008,12.7,12.8,72.2,82.2,30.1,25.4,2.8
Broad St,J Z,BMT,Jamaica,Battery Park City,M,101,8.8,7.9,6.7,14.6,40652,14598.75342,5420.066667,-0.679397941,-67.94%,2232464,705928,12.7,12.8,72.2,82.2,30.1,25.4,2.8
Middle Village - Metropolitan Av,M,BMT,Myrtle Av,"Ridgewood, Glendale & Middle Village",Q,405,16.8,15.6,21.3,36.9,22558.66667,8375.747945,3130.233333,-0.524778294,-52.48%,1118058,524047,21.9,12.4,51.7,28.4,40.2,42.3,3.3
Fresh Pond Rd,M,BMT,Myrtle Av,"Ridgewood, Glendale & Middle Village",Q,405,16.8,15.6,21.3,36.9,22558.66667,8375.747945,3130.233333,-0.524999164,-52.50%,1810860,848377,21.9,12.4,51.7,28.4,40.2,42.3,3.3
Forest Av,M,BMT,Myrtle Av,"Ridgewood, Glendale & Middle Village",Q,405,16.8,15.6,21.3,36.9,22558.66667,8375.747945,3130.233333,-0.533241394,-53.32%,1322519,608841,21.9,12.4,51.7,28.4,40.2,42.3,3.3
Seneca Av,M,BMT,Myrtle Av,"Ridgewood, Glendale & Middle Village",Q,405,16.8,15.6,21.3,36.9,22558.66667,8375.747945,3130.233333,-0.5603905,-56.04%,1086632,471150,21.9,12.4,51.7,28.4,40.2,42.3,3.3
Knickerbocker Av,M,BMT,Myrtle Av,Bushwick,Bk,304,24.8,24.6,28.9,53.5,56317,2398.692308,1259.936111,-0.575870189,-57.59%,1548715,649638,20.5,9.1,18.9,29,47.2,41.3,5.6
Central Av,M,BMT,Myrtle Av,Bushwick,Bk,304,24.8,24.6,28.9,53.5,56317,2398.692308,1259.936111,-0.605619896,-60.56%,1478152,579733,20.5,9.1,18.9,29,47.2,41.3,5.6
3 Av,L,BMT,Canarsie,Chinatown & Lower East Side,M,103,19.3,21.5,27.4,48.8,96045.29412,3085.863014,1290.611111,-0.576292527,-57.63%,1715330,716842,11.4,17.9,33.3,43.3,38.4,31.3,3.6
1 Av,L,BMT,Canarsie,Chinatown & Lower East Side,M,103,19.3,21.5,27.4,48.8,96045.29412,3085.863014,1290.611111,-0.602302664,-60.23%,5377048,2109144,11.4,17.9,33.3,43.3,38.4,31.3,3.6
Bedford Av,L,BMT,Canarsie,Greenpoint & Williamsburg,Bk,301,15.5,15.4,27,42.5,36826.17021,1670.775342,814.9472222,-0.637470666,-63.75%,7862356,2811289,22,9.6,63,49.6,40.2,34.5,3.7
Graham Av,L,BMT,Canarsie,Greenpoint & Williamsburg,Bk,301,15.5,15.4,27,42.5,36826.17021,1670.775342,814.9472222,-0.625902073,-62.59%,2718568,1003079,22,9.6,63,49.6,40.2,34.5,3.7
Grand St,L,BMT,Canarsie,Greenpoint & Williamsburg,Bk,301,15.5,15.4,27,42.5,36826.17021,1670.775342,814.9472222,-0.570464338,-57.05%,1889182,800355,22,9.6,63,49.6,40.2,34.5,3.7
Montrose Av,L,BMT,Canarsie,Greenpoint & Williamsburg,Bk,301,15.5,15.4,27,42.5,36826.17021,1670.775342,814.9472222,-0.582541784,-58.25%,1947833,802000,22,9.6,63,49.6,40.2,34.5,3.7
Morgan Av,L,BMT,Canarsie,Greenpoint & Williamsburg,Bk,301,15.5,15.4,27,42.5,36826.17021,1670.775342,814.9472222,-0.600471929,-60.05%,2111182,831922,22,9.6,63,49.6,40.2,34.5,3.7
Jefferson St,L,BMT,Canarsie,Bushwick,Bk,304,24.8,24.6,28.9,53.5,56317,2398.692308,1259.936111,-0.601721594,-60.17%,2247786,882981,20.5,9.1,18.9,29,47.2,41.3,5.6
DeKalb Av,L,BMT,Canarsie,Bushwick,Bk,304,24.8,24.6,28.9,53.5,56317,2398.692308,1259.936111,-0.545667525,-54.57%,3299499,1494917,20.5,9.1,18.9,29,47.2,41.3,5.6
Halsey St,L,BMT,Canarsie,"Ridgewood, Glendale & Middle Village",Q,405,16.8,15.6,21.3,36.9,22558.66667,8375.747945,3130.233333,-0.548726374,-54.87%,2201035,982354,21.9,12.4,51.7,28.4,40.2,42.3,3.3
28 St,R W,BMT,Broadway - Brighton,Midtown Business Distric,M,105,11.3,11.8,10.1,22,32295.625,3712.825967,1225.022222,-0.710661398,-71.07%,4026396,1149033,8.2,13.4,59.1,74.1,33.9,26.7,3.5
Wilson Av,L,BMT,Canarsie,Bushwick,Bk,304,24.8,24.6,28.9,53.5,56317,2398.692308,1259.936111,-0.551007926,-55.10%,1313969,581880,20.5,9.1,18.9,29,47.2,41.3,5.6
Bushwick Av - Aberdeen St,L,BMT,Canarsie,Bushwick,Bk,304,24.8,24.6,28.9,53.5,56317,2398.692308,1259.936111,-0.51223411,-51.22%,609833,293381,20.5,9.1,18.9,29,47.2,41.3,5.6
Atlantic Av,L,BMT,Canarsie,Brownsville & Ocean Hill,Bk,316,29.4,29.6,31.1,60.7,45509.47368,2488.638356,985.7027778,-0.504318003,-50.43%,498192,243562,24.4,11.5,2.6,14.4,55.2,46.9,7
Sutter Av,L,BMT,Canarsie,Brownsville & Ocean Hill,Bk,316,29.4,29.6,31.1,60.7,45509.47368,2488.638356,985.7027778,-0.537467384,-53.75%,1066012,486311,24.4,11.5,2.6,14.4,55.2,46.9,7
Livonia Av,L,BMT,Canarsie,Brownsville & Ocean Hill,Bk,316,29.4,29.6,31.1,60.7,45509.47368,2488.638356,985.7027778,-0.474740421,-47.47%,873124,453577,24.4,11.5,2.6,14.4,55.2,46.9,7
New Lots Av,L,BMT,Canarsie,Brownsville & Ocean Hill,Bk,316,29.4,29.6,31.1,60.7,45509.47368,2488.638356,985.7027778,-0.524373204,-52.44%,1274563,609603,24.4,11.5,2.6,14.4,55.2,46.9,7
E 105 St,L,BMT,Canarsie,Canarsie & Flatlands,Bk,318,14.6,13.9,21.3,35.2,22769.76471,4844.767123,1776.136111,-0.529185278,-52.92%,1032325,482017,23.4,14.9,22.7,31.8,41.9,48.3,4.1
Canarsie - Rockaway Pkwy,L,BMT,Canarsie,Canarsie & Flatlands,Bk,318,14.6,13.9,21.3,35.2,22769.76471,4844.767123,1776.136111,-0.597928687,-59.79%,3394597,1323624,23.4,14.9,22.7,31.8,41.9,48.3,4.1
23 St,R W,BMT,Broadway - Brighton,"Chelsea, Clinton",M,104,11.3,11.8,10.1,22,57358.33333,12978.71781,4862.4,-0.722841317,-72.28%,7107261,1942855,8.2,13.4,59.1,74.1,33.9,26.7,3.5
Park Pl,S,BMT,Franklin Shuttle,Crown Heights North & Prospect Heights,Bk,308,20.4,21.1,23.2,44.3,60198.125,19471.94795,5396.819444,-0.593514692,-59.35%,524091,210117,19.3,11.3,22.3,41.2,42.9,41.3,4.6
Inwood - 207 St,A,IND,8th Av - Fulton St,"Washington Heights, Inwood & Marble Hill",M,112,19.6,19.5,28.9,48.3,67864.28571,4083.292818,1610.369444,-0.597004911,-59.70%,3251614,1292434,17.4,14.1,18.9,33.3,43.4,41.2,6.1
Dyckman St,A,IND,8th Av - Fulton St,"Washington Heights, Inwood & Marble Hill",M,112,19.6,19.5,28.9,48.3,67864.28571,4083.292818,1610.369444,-0.596940718,-59.69%,2254356,896192,17.4,14.1,18.9,33.3,43.4,41.2,6.1
190 St,A,IND,8th Av - Fulton St,"Washington Heights, Inwood & Marble Hill",M,112,19.6,19.5,28.9,48.3,67864.28571,4083.292818,1610.369444,-0.64899695,-64.90%,1541283,536524,17.4,14.1,18.9,33.3,43.4,41.2,6.1
181 St,A,IND,8th Av - Fulton St,"Washington Heights, Inwood & Marble Hill",M,112,19.6,19.5,28.9,48.3,67864.28571,4083.292818,1610.369444,-0.623486619,-62.35%,3424286,1271628,17.4,14.1,18.9,33.3,43.4,41.2,6.1
175 St,A,IND,8th Av - Fulton St,"Washington Heights, Inwood & Marble Hill",M,112,19.6,19.5,28.9,48.3,67864.28571,4083.292818,1610.369444,-0.625188018,-62.52%,4209709,1556235,17.4,14.1,18.9,33.3,43.4,41.2,6.1
163 St - Amsterdam Av,C,IND,8th Av - Fulton St,"Washington Heights, Inwood & Marble Hill",M,112,19.6,19.5,28.9,48.3,67864.28571,4083.292818,1610.369444,-0.578379478,-57.84%,1398002,581352,17.4,14.1,18.9,33.3,43.4,41.2,6.1
155 St,C,IND,8th Av - Fulton St,"Hamilton Hts, Manhattanville & West Harlem",M,109,20.7,20.2,25.8,46,73462,3623.339726,1691.225,-0.603918836,-60.39%,908353,354853,15.1,12.4,27.6,45.4,45.1,36.5,3.8
145 St,B D,IND,Concourse,"Hamilton Hts, Manhattanville & West Harlem",M,109,20.7,20.2,25.8,46,73462,3623.339726,1691.225,-0.603433957,-60.34%,7483765,2959586,15.1,12.4,27.6,45.4,45.1,36.5,3.8
135 St,B C,IND,8th Av - Fulton St,"Hamilton Hts, Manhattanville & West Harlem",M,109,20.7,20.2,25.8,46,73462,3623.339726,1691.225,-0.633390818,-63.34%,1768340,639409,15.1,12.4,27.6,45.4,45.1,36.5,3.8
125 St,A B C D,IND,8th Av - Fulton St,"Hamilton Hts, Manhattanville & West Harlem",M,109,20.7,20.2,25.8,46,73462,3623.339726,1691.225,-0.600574565,-60.06%,9311484,3688506,15.1,12.4,27.6,45.4,45.1,36.5,3.8
116 St,B C,IND,8th Av - Fulton St,"Hamilton Hts, Manhattanville & West Harlem",M,109,20.7,20.2,25.8,46,73462,3623.339726,1691.225,-0.626477461,-62.65%,2310702,851276,15.1,12.4,27.6,45.4,45.1,36.5,3.8
Cathedral Pkwy (110 St),B C,IND,8th Av - Fulton St,Upper West Side & West Side,M,107,9.2,9.2,8.9,18.1,110044.2105,3063.172603,1455.686111,-0.634853137,-63.49%,2409375,867724,15.5,20.6,68,77,31.4,32.2,3.3
103 St,B C,IND,8th Av - Fulton St,Chinatown & Lower East Side,M,103,19.3,21.5,27.4,48.8,96045.29412,3085.863014,1290.611111,-0.633286937,-63.33%,1509355,545918,11.4,17.9,33.3,43.3,38.4,31.3,3.6
96 St,B C,IND,8th Av - Fulton St,Upper West Side & West Side,M,107,9.2,9.2,8.9,18.1,110044.2105,3063.172603,1455.686111,-0.626274172,-62.63%,3057148,1126884,15.5,20.6,68,77,31.4,32.2,3.3
86 St,B C,IND,8th Av - Fulton St,Upper West Side & West Side,M,107,9.2,9.2,8.9,18.1,110044.2105,3063.172603,1455.686111,-0.651257754,-65.13%,3238609,1113968,15.5,20.6,68,77,31.4,32.2,3.3
81 St - Museum of Natural History,B C,IND,8th Av - Fulton St,Upper West Side & West Side,M,107,9.2,9.2,8.9,18.1,110044.2105,3063.172603,1455.686111,-0.730208977,-73.02%,4416262,1181621,15.5,20.6,68,77,31.4,32.2,3.3
8 St - NYU,R W,BMT,Broadway - Brighton,"Greenwich Village, Soho",M,102,8.8,7.9,6.7,14.6,64297.14286,#DIV/0!,5298.277778,-0.726244255,-72.62%,5472237,1477535,12.7,12.8,72.2,82.2,30.1,25.4,2.8
72 St,B C,IND,8th Av - Fulton St,Upper West Side & West Side,M,107,9.2,9.2,8.9,18.1,110044.2105,3063.172603,1455.686111,-0.692432688,-69.24%,2853774,856085,15.5,20.6,68,77,31.4,32.2,3.3
50 St,C E,IND,8th Av - Fulton St,Midtown Business Distric,M,105,11.3,11.8,10.1,22,32295.625,3712.825967,1225.022222,-0.725665452,-72.57%,6995333,1892773,8.2,13.4,59.1,74.1,33.9,26.7,3.5
34 St - Penn Station,A C E,IND,8th Av - Fulton St,Midtown Business Distric,M,105,11.3,11.8,10.1,22,32295.625,3712.825967,1225.022222,-0.814491584,-81.45%,41733315,7635828,8.2,13.4,59.1,74.1,33.9,26.7,3.5
23 St,C E,IND,8th Av - Fulton St,"Chelsea, Clinton",M,104,11.3,11.8,10.1,22,57358.33333,12978.71781,4862.4,-0.692244314,-69.22%,7307136,2218007,8.2,13.4,59.1,74.1,33.9,26.7,3.5
W 4 St,A C E,IND,8th Av - Fulton St,"Greenwich Village, Soho",M,102,8.8,7.9,6.7,14.6,64297.14286,#DIV/0!,5298.277778,-0.699996223,-70.00%,14144258,4185203,12.7,12.8,72.2,82.2,30.1,25.4,2.8
Spring St,C E,IND,8th Av - Fulton St,"Greenwich Village, Soho",M,102,8.8,7.9,6.7,14.6,64297.14286,#DIV/0!,5298.277778,-0.70993808,-70.99%,4447023,1272242,12.7,12.8,72.2,82.2,30.1,25.4,2.8
Canal St,A C E,IND,8th Av - Fulton St,"Greenwich Village, Soho",M,102,8.8,7.9,6.7,14.6,64297.14286,#DIV/0!,5298.277778,-0.710132198,-71.01%,6434338,1839558,12.7,12.8,72.2,82.2,30.1,25.4,2.8
Prince St,R W,BMT,Broadway - Brighton,Battery Park City,M,101,8.8,7.9,6.7,14.6,40652,14598.75342,5420.066667,-0.734498656,-73.45%,4365772,1143240,12.7,12.8,72.2,82.2,30.1,25.4,2.8
High St,A C,IND,8th Av - Fulton St,Brooklyn Heights & Fort Greene,Bk,302,11,12,15.8,27.8,35577.5,1364.909589,676.5611111,-0.717933845,-71.79%,3571747,993668,17.9,10.7,46.4,62.9,31.2,35.2,4.6
Hoyt - Schermerhorn Sts,A C G,IND,8th Av - Fulton St,Brooklyn Heights & Fort Greene,Bk,302,11,12,15.8,27.8,35577.5,1364.909589,676.5611111,-0.61774209,-61.77%,3693792,1392639,17.9,10.7,46.4,62.9,31.2,35.2,4.6
Lafayette Av,C,IND,8th Av - Fulton St,Brooklyn Heights & Fort Greene,Bk,302,11,12,15.8,27.8,35577.5,1364.909589,676.5611111,-0.629092537,-62.91%,1613384,595110,17.9,10.7,46.4,62.9,31.2,35.2,4.6
Clinton - Washington Avs,C,IND,8th Av - Fulton St,Brooklyn Heights & Fort Greene,Bk,302,11,12,15.8,27.8,35577.5,1364.909589,676.5611111,-0.671741448,-67.17%,2155955,698016,17.9,10.7,46.4,62.9,31.2,35.2,4.6
Nostrand Av,A C,IND,8th Av - Fulton St,Bedford-Stuyvesant,Bk,303,21.2,21.6,29.6,51.3,52753.44828,2920.580822,1350.863889,-0.626134921,-62.61%,5689370,2097919,25.3,10.1,26,33.8,45.1,41.8,5.7
Kingston - Throop Avs,C,IND,8th Av - Fulton St,Bedford-Stuyvesant,Bk,303,21.2,21.6,29.6,51.3,52753.44828,2920.580822,1350.863889,-0.626570207,-62.66%,2085314,768051,25.3,10.1,26,33.8,45.1,41.8,5.7
Utica Av,A C,IND,8th Av - Fulton St,Bedford-Stuyvesant,Bk,303,21.2,21.6,29.6,51.3,52753.44828,2920.580822,1350.863889,-0.599797826,-59.98%,5208627,2055949,25.3,10.1,26,33.8,45.1,41.8,5.7
Ralph Av,C,IND,8th Av - Fulton St,Bedford-Stuyvesant,Bk,303,21.2,21.6,29.6,51.3,52753.44828,2920.580822,1350.863889,-0.568204443,-56.82%,1856483,790640,25.3,10.1,26,33.8,45.1,41.8,5.7
Rockaway Av,C,IND,8th Av - Fulton St,Brownsville & Ocean Hill,Bk,316,29.4,29.6,31.1,60.7,45509.47368,2488.638356,985.7027778,-0.577764414,-57.78%,1816972,752477,24.4,11.5,2.6,14.4,55.2,46.9,7
Liberty Av,C,IND,8th Av - Fulton St,East New York & Starrett City,Bk,305,28.7,28.9,29.3,58.2,32660,3560.231844,1693.341667,-0.548878468,-54.89%,853651,379825,25.9,11.5,3.7,14.8,49.7,44.9,4.4
Van Siclen Av,C,IND,8th Av - Fulton St,East New York & Starrett City,Bk,305,28.7,28.9,29.3,58.2,32660,3560.231844,1693.341667,-0.529719472,-52.97%,942061,436964,25.9,11.5,3.7,14.8,49.7,44.9,4.4
Shepherd Av,C,IND,8th Av - Fulton St,East New York & Starrett City,Bk,305,28.7,28.9,29.3,58.2,32660,3560.231844,1693.341667,-0.548282516,-54.83%,1003875,447256,25.9,11.5,3.7,14.8,49.7,44.9,4.4
Euclid Av,A C,IND,8th Av - Fulton St,East New York & Starrett City,Bk,305,28.7,28.9,29.3,58.2,32660,3560.231844,1693.341667,-0.525355289,-52.54%,3346473,1566627,25.9,11.5,3.7,14.8,49.7,44.9,4.4
Grant Av,A,IND,Liberty Av,East New York & Starrett City,Bk,305,28.7,28.9,29.3,58.2,32660,3560.231844,1693.341667,-0.539083264,-53.91%,1800640,818576,25.9,11.5,3.7,14.8,49.7,44.9,4.4
80 St,A,IND,Liberty Av,Richmond Hill & Woodhaven,Q,409,21.5,19.6,24.7,44.3,37715,7818.558904,2404.733146,-0.578103203,-57.81%,1322610,551873,21.8,12.1,18,27,47.7,46.5,4.2
88 St,A,IND,Liberty Av,Howard Beach & Ozone Park,Q,410,17.3,17,24.6,41.6,20064.91803,19165.29589,5257.702778,-0.550044734,-55.00%,869219,385752,20.8,14.1,21.5,22.4,50.1,46.2,4.8
Rockaway Blvd,A,IND,Liberty Av,Howard Beach & Ozone Park,Q,410,17.3,17,24.6,41.6,20064.91803,19165.29589,5257.702778,-0.542519995,-54.25%,2359714,1064734,20.8,14.1,21.5,22.4,50.1,46.2,4.8
104 St,A,IND,Liberty Av,Howard Beach & Ozone Park,Q,410,17.3,17,24.6,41.6,20064.91803,19165.29589,5257.702778,-0.543421715,-54.34%,546036,245893,20.8,14.1,21.5,22.4,50.1,46.2,4.8
111 St,A,IND,Liberty Av,Howard Beach & Ozone Park,Q,410,17.3,17,24.6,41.6,20064.91803,19165.29589,5257.702778,-0.551998438,-55.20%,773547,341803,20.8,14.1,21.5,22.4,50.1,46.2,4.8
Ozone Park - Lefferts Blvd,A,IND,Liberty Av,Howard Beach & Ozone Park,Q,410,17.3,17,24.6,41.6,20064.91803,19165.29589,5257.702778,-0.52246647,-52.25%,2295158,1081001,20.8,14.1,21.5,22.4,50.1,46.2,4.8
Aqueduct Racetrack,A,IND,Rockaway,Howard Beach & Ozone Park,Q,410,17.3,17,24.6,41.6,20064.91803,19165.29589,5257.702778,-0.722758307,-72.28%,609180,167957,20.8,14.1,21.5,22.4,50.1,46.2,4.8
Aqueduct - N Conduit Av,A,IND,Rockaway,Howard Beach & Ozone Park,Q,410,17.3,17,24.6,41.6,20064.91803,19165.29589,5257.702778,-0.584751427,-58.48%,273215,111898,20.8,14.1,21.5,22.4,50.1,46.2,4.8
Howard Beach - JFK Airport,A,IND,Rockaway,Howard Beach & Ozone Park,Q,410,17.3,17,24.6,41.6,20064.91803,19165.29589,5257.702778,-0.831942752,-83.19%,1488087,246658,20.8,14.1,21.5,22.4,50.1,46.2,4.8
Broad Channel,A S,IND,Rockaway,"Far Rockaway, Breezy Point & Broad Channel",Q,414,17.2,16.6,31.7,48.4,16425.42857,12183.62466,3534.005556,-0.593573162,-59.36%,96585,38717,27.2,14.1,34.2,29.8,42,51.1,5.1
Astoria Blvd,N W,BMT,Astoria,Astoria & Long Island City,Q,401,18.1,16.7,23.3,40,30823.3871,25651.47107,10245.85,-0.644004316,-64.40%,729130,1004776,14.5,13,48.3,46.4,37.4,40,4.5
Beach 90 St,A S,IND,Rockaway,"Far Rockaway, Breezy Point & Broad Channel",Q,414,17.2,16.6,31.7,48.4,16425.42857,12183.62466,3534.005556,-0.624392531,-62.44%,357494,132438,27.2,14.1,34.2,29.8,42,51.1,5.1
Beach 98 St,A S,IND,Rockaway,"Far Rockaway, Breezy Point & Broad Channel",Q,414,17.2,16.6,31.7,48.4,16425.42857,12183.62466,3534.005556,-0.605401772,-60.54%,168924,65744,27.2,14.1,34.2,29.8,42,51.1,5.1
Beach 105 St,A S,IND,Rockaway,"Far Rockaway, Breezy Point & Broad Channel",Q,414,17.2,16.6,31.7,48.4,16425.42857,12183.62466,3534.005556,-0.558949471,-55.89%,91520,39812,27.2,14.1,34.2,29.8,42,51.1,5.1
Rockaway Park - Beach 116 St,A S,IND,Rockaway,"Far Rockaway, Breezy Point & Broad Channel",Q,414,17.2,16.6,31.7,48.4,16425.42857,12183.62466,3534.005556,-0.495285913,-49.53%,242067,120501,27.2,14.1,34.2,29.8,42,51.1,5.1
Beach 67 St,A,IND,Rockaway,"Far Rockaway, Breezy Point & Broad Channel",Q,414,17.2,16.6,31.7,48.4,16425.42857,12183.62466,3534.005556,-0.481414855,-48.14%,737943,377444,27.2,14.1,34.2,29.8,42,51.1,5.1
Beach 60 St,A,IND,Rockaway,"Far Rockaway, Breezy Point & Broad Channel",Q,414,17.2,16.6,31.7,48.4,16425.42857,12183.62466,3534.005556,-0.488355369,-48.84%,638401,322160,27.2,14.1,34.2,29.8,42,51.1,5.1
Beach 44 St,A,IND,Rockaway,"Far Rockaway, Breezy Point & Broad Channel",Q,414,17.2,16.6,31.7,48.4,16425.42857,12183.62466,3534.005556,-0.474690752,-47.47%,227182,117706,27.2,14.1,34.2,29.8,42,51.1,5.1
Beach 36 St,A,IND,Rockaway,"Far Rockaway, Breezy Point & Broad Channel",Q,414,17.2,16.6,31.7,48.4,16425.42857,12183.62466,3534.005556,-0.485257857,-48.53%,301786,153214,27.2,14.1,34.2,29.8,42,51.1,5.1
Beach 25 St,A,IND,Rockaway,"Far Rockaway, Breezy Point & Broad Channel",Q,414,17.2,16.6,31.7,48.4,16425.42857,12183.62466,3534.005556,-0.499680429,-49.97%,533006,265200,27.2,14.1,34.2,29.8,42,51.1,5.1
Far Rockaway - Mott Av,A,IND,Rockaway,"Far Rockaway, Breezy Point & Broad Channel",Q,414,17.2,16.6,31.7,48.4,16425.42857,12183.62466,3534.005556,-0.468530945,-46.85%,1373309,719873,27.2,14.1,34.2,29.8,42,51.1,5.1
Norwood - 205 St,D,IND,Concourse,"Bedford Park, Fordham North & Norwood",Bx,207,27.4,30.8,36.4,67.3,73308.42105,5784.060274,2310.894444,-0.511651841,-51.17%,2675593,1288722,26.4,9.6,5.8,16.6,54.4,44.9,7.5
Bedford Park Blvd,B D,IND,Concourse,"Bedford Park, Fordham North & Norwood",Bx,207,27.4,30.8,36.4,67.3,73308.42105,5784.060274,2310.894444,-0.550386851,-55.04%,2216658,982986,26.4,9.6,5.8,16.6,54.4,44.9,7.5
Kingsbridge Rd,B D,IND,Concourse,"Bedford Park, Fordham North & Norwood",Bx,207,27.4,30.8,36.4,67.3,73308.42105,5784.060274,2310.894444,-0.531910133,-53.19%,2503593,1155853,26.4,9.6,5.8,16.6,54.4,44.9,7.5
Fordham Rd,B D,IND,Concourse,"Morris Heights, Fordham South & Mount Hope",Bx,205,35.6,37.1,36.2,73.3,91571.42857,5175.841096,2223.208333,-0.543560454,-54.36%,3720792,1675052,29.1,8.2,1.1,12.3,58.3,43.3,7.3
182-183 Sts,B D,IND,Concourse,"Morris Heights, Fordham South & Mount Hope",Bx,205,35.6,37.1,36.2,73.3,91571.42857,5175.841096,2223.208333,-0.509085756,-50.91%,1529005,740328,29.1,8.2,1.1,12.3,58.3,43.3,7.3
Tremont Av,B D,IND,Concourse,"Morris Heights, Fordham South & Mount Hope",Bx,205,35.6,37.1,36.2,73.3,91571.42857,5175.841096,2223.208333,-0.540507892,-54.05%,3082423,1396947,29.1,8.2,1.1,12.3,58.3,43.3,7.3
174-175 Sts,B D,IND,Concourse,"Morris Heights, Fordham South & Mount Hope",Bx,205,35.6,37.1,36.2,73.3,91571.42857,5175.841096,2223.208333,-0.496767999,-49.68%,1529664,759231,29.1,8.2,1.1,12.3,58.3,43.3,7.3
170 St,B D,IND,Concourse,"Concourse, Highbridge ",Bx,204,32.4,34.7,36.2,70.9,73220.5,7448.131507,2786.330556,-0.542435862,-54.24%,2146688,968792,27.3,9.9,2,15.6,53.9,42,6.3
167 St,B D,IND,Concourse,"Concourse, Highbridge ",Bx,204,32.4,34.7,36.2,70.9,73220.5,7448.131507,2786.330556,-0.501129029,-50.11%,2761113,1381276,27.3,9.9,2,15.6,53.9,42,6.3
Rector St,R W,BMT,Broadway,Battery Park City,M,101,8.8,7.9,6.7,14.6,40652,14598.75342,5420.066667,-0.712423957,-71.24%,2038164,578098,12.7,12.8,72.2,82.2,30.1,25.4,2.8
155 St,B D,IND,Concourse,Central Harlem,M,110,20.2,20.6,24.5,45.1,82659.28571,2977.073973,1308.75,-0.519907535,-51.99%,1145138,542241,20.4,10.4,14.2,38.6,38.6,37.2,6.2
21 St - Queensbridge,F,IND,63rd St,Astoria & Long Island City,Q,401,18.1,16.7,23.3,40,30823.3871,25651.47107,10245.85,-0.614704314,-61.47%,3540717,1345535,14.5,13,48.3,46.4,37.4,40,4.5
Roosevelt Island,F,IND,63rd St,Upper East Side,M,108,7.2,6.3,6.2,12.5,109960,4961.260274,2356.602778,-0.632004042,-63.20%,2389969,867451,14.6,20.8,75.3,80.5,32.5,31.4,2
Lexington Av/63 St,F Q,IND,63rd St,Upper East Side,M,108,7.2,6.3,6.2,12.5,109960,4961.260274,2356.602778,-0.638933914,-63.89%,6616040,2356104,14.6,20.8,75.3,80.5,32.5,31.4,2
57 St,F,IND,6th Av - Culver,Midtown Business Distric,M,105,11.3,11.8,10.1,22,32295.625,3712.825967,1225.022222,-0.67892236,-67.89%,4562723,1444920,8.2,13.4,59.1,74.1,33.9,26.7,3.5
47-50 Sts - Rockefeller Ctr,B D F M,IND,6th Av - Culver,Midtown Business Distric,M,105,11.3,11.8,10.1,22,32295.625,3712.825967,1225.022222,-0.700008843,-70.00%,18672656,5524897,8.2,13.4,59.1,74.1,33.9,26.7,3.5
23 St,F M,IND,6th Av - Culver,"Chelsea, Clinton",M,104,11.3,11.8,10.1,22,57358.33333,12978.71781,4862.4,-0.649584991,-64.96%,8507885,2940451,8.2,13.4,59.1,74.1,33.9,26.7,3.5
Grand St,B D,IND,6th Av - Culver,Chinatown & Lower East Side,M,103,19.3,21.5,27.4,48.8,96045.29412,3085.863014,1290.611111,-0.641950905,-64.20%,8053699,2844118,11.4,17.9,33.3,43.3,38.4,31.3,3.6
2 Av,F,IND,6th Av - Culver,Chinatown & Lower East Side,M,103,19.3,21.5,27.4,48.8,96045.29412,3085.863014,1290.611111,-0.676132203,-67.61%,5625896,1797087,11.4,17.9,33.3,43.3,38.4,31.3,3.6
East Broadway,F,IND,6th Av - Culver,Chinatown & Lower East Side,M,103,19.3,21.5,27.4,48.8,96045.29412,3085.863014,1290.611111,-0.639395349,-63.94%,4482228,1594171,11.4,17.9,33.3,43.3,38.4,31.3,3.6
York St,F,IND,6th Av - Culver,Brooklyn Heights & Fort Greene,Bk,302,11,12,15.8,27.8,35577.5,1364.909589,676.5611111,-0.688214975,-68.82%,3943001,1212528,17.9,10.7,46.4,62.9,31.2,35.2,4.6
Bergen St,F G,IND,6th Av - Culver,Brooklyn Heights & Fort Greene,Bk,302,11,12,15.8,27.8,35577.5,1364.909589,676.5611111,-0.655402469,-65.54%,3579992,1216757,17.9,10.7,46.4,62.9,31.2,35.2,4.6
Carroll St,F G,IND,6th Av - Culver,"Park Slope, Carroll Gardens & Red Hook",Bk,306,9.6,10,8.8,18.9,33777.09677,2843.870523,1338.936111,-0.653929204,-65.39%,3623923,1236954,21.2,10.4,64.1,73,28.8,38.4,4
Smith - 9 Sts,F G,IND,6th Av - Culver,"Park Slope, Carroll Gardens & Red Hook",Bk,306,9.6,10,8.8,18.9,33777.09677,2843.870523,1338.936111,-0.576715164,-57.67%,1451973,606179,21.2,10.4,64.1,73,28.8,38.4,4
7 Av,F G,IND,6th Av - Culver,"Park Slope, Carroll Gardens & Red Hook",Bk,306,9.6,10,8.8,18.9,33777.09677,2843.870523,1338.936111,-0.642472659,-64.25%,3701801,1305365,21.2,10.4,64.1,73,28.8,38.4,4
15 St - Prospect Park,F G,IND,6th Av - Culver,Sunset Park & Windsor Terrace,Bk,307,27.9,23.9,33,56.9,34116.21622,9325.815934,3749.643059,-0.653648966,-65.36%,1980580,676579,24,10.3,24.4,29.6,48.1,42.9,3.8
Fort Hamilton Pkwy,F G,IND,6th Av - Culver,Sunset Park & Windsor Terrace,Bk,307,27.9,23.9,33,56.9,34116.21622,9325.815934,3749.643059,-0.64997022,-65.00%,1809125,624573,24,10.3,24.4,29.6,48.1,42.9,3.8
Church Av,F,IND,6th Av - Culver,"Borough Park, Kensington & Ocean Parkway",Bk,312,27.2,26.1,32.9,59.1,53161.66667,4245.958678,1490.344444,-0.540777461,-54.08%,3130650,1417971,36.8,12.1,71.1,28.5,60.3,36.3,3.2
Ditmas Av,F,IND,6th Av - Culver,"Borough Park, Kensington & Ocean Parkway",Bk,312,27.2,26.1,32.9,59.1,53161.66667,4245.958678,1490.344444,-0.548210416,-54.82%,1185955,531374,36.8,12.1,71.1,28.5,60.3,36.3,3.2
18 Av,F,IND,6th Av - Culver,Flatbush & Midwood,Bk,314,21.5,20.4,26.9,47.3,55401.37931,11533.44932,4322.875,-0.549105736,-54.91%,1126218,500849,25.1,13.1,40.8,38,48.6,42.7,4.4
Avenue I,F,IND,6th Av - Culver,"Borough Park, Kensington & Ocean Parkway",Bk,312,27.2,26.1,32.9,59.1,53161.66667,4245.958678,1490.344444,-0.551601775,-55.16%,592752,262148,36.8,12.1,71.1,28.5,60.3,36.3,3.2
Bay Pkwy,F,IND,6th Av - Culver,"Borough Park, Kensington & Ocean Parkway",Bk,312,27.2,26.1,32.9,59.1,53161.66667,4245.958678,1490.344444,-0.535849354,-53.58%,370360,169548,36.8,12.1,71.1,28.5,60.3,36.3,3.2
Avenue N,F,IND,6th Av - Culver,"Borough Park, Kensington & Ocean Parkway",Bk,312,27.2,26.1,32.9,59.1,53161.66667,4245.958678,1490.344444,-0.550866977,-55.09%,890450,394452,36.8,12.1,71.1,28.5,60.3,36.3,3.2
Avenue P,F,IND,6th Av - Culver,"Sheepshead Bay, Gerritsen Beach & Homecrest",Bk,315,18.6,17.5,25.4,42.9,33968.08511,3830.142466,1614.866667,-0.550036665,-55.00%,751087,333332,22,18.3,65.5,40.2,47,46.3,3.7
Kings Hwy,F,IND,6th Av - Culver,"Sheepshead Bay, Gerritsen Beach & Homecrest",Bk,315,18.6,17.5,25.4,42.9,33968.08511,3830.142466,1614.866667,-0.563041185,-56.30%,1139693,491177,22,18.3,65.5,40.2,47,46.3,3.7
Avenue U,F,IND,6th Av - Culver,"Sheepshead Bay, Gerritsen Beach & Homecrest",Bk,315,18.6,17.5,25.4,42.9,33968.08511,3830.142466,1614.866667,-0.546888366,-54.69%,559173,249897,22,18.3,65.5,40.2,47,46.3,3.7
Avenue X,F,IND,6th Av - Culver,"Sheepshead Bay, Gerritsen Beach & Homecrest",Bk,315,18.6,17.5,25.4,42.9,33968.08511,3830.142466,1614.866667,-0.553990393,-55.40%,811414,359899,22,18.3,65.5,40.2,47,46.3,3.7
Neptune Av,F,IND,6th Av - Culver,Brighton Beach & Coney Island,Bk,313,24.4,25.1,28.9,54,32586.875,9381.605479,3532.3,-0.566242292,-56.62%,438815,187732,19.9,23.9,55.9,38.6,45.2,46.8,4.5
Jamaica - 179 St,F,IND,Queens Blvd,"Briarwood, Fresh Meadows & Hillcrest",Q,408,20.8,18.9,23.5,42.4,20419.86486,14992.43014,4104.263889,-0.560810685,-56.08%,6412994,2777936,20.6,14.9,29.9,39.6,47.5,44,5.2
169 St,F,IND,Queens Blvd,"Briarwood, Fresh Meadows & Hillcrest",Q,408,20.8,18.9,23.5,42.4,20419.86486,14992.43014,4104.263889,-0.573529304,-57.35%,2495037,1049484,20.6,14.9,29.9,39.6,47.5,44,5.2
Parsons Blvd,F,IND,Queens Blvd,"Briarwood, Fresh Meadows & Hillcrest",Q,408,20.8,18.9,23.5,42.4,20419.86486,14992.43014,4104.263889,-0.475485432,-47.55%,2134172,1104070,20.6,14.9,29.9,39.6,47.5,44,5.2
Sutphin Blvd,F,IND,Queens Blvd,"Jamaica, Hollis & St Albans",Q,412,19,17.1,27.2,44.3,23533.22917,20019.55068,6161.130556,-0.485642851,-48.56%,1371971,699851,22.4,13.3,1.8,21.4,46.9,49,5.9
Briarwood - Van Wyck Blvd,E F,IND,Queens Blvd,Richmond Hill & Woodhaven,Q,409,21.5,19.6,24.7,44.3,37715,7818.558904,2404.733146,-0.589029486,-58.90%,1523560,617561,21.8,12.1,18,27,47.7,46.5,4.2
Kew Gardens - Union Tpke,E F,IND,Queens Blvd,Forest Hills & Rego Park,Q,406,15.1,13.8,15.9,29.7,37752.33333,8872.90137,3094.355556,-0.601150339,-60.12%,7760953,3053050,17.2,20.5,47.7,57.2,42.4,43.8,2.8
DeKalb Av,B Q R,BMT,Broadway - Brighton,Brooklyn Heights & Fort Greene,Bk,302,11,12,15.8,27.8,35577.5,1364.909589,676.5611111,-0.637833717,-63.78%,6800460,2429159,17.9,10.7,46.4,62.9,31.2,35.2,4.6
75 Av,E F,IND,Queens Blvd,Forest Hills & Rego Park,Q,406,15.1,13.8,15.9,29.7,37752.33333,8872.90137,3094.355556,-0.633089849,-63.31%,1071219,387657,17.2,20.5,47.7,57.2,42.4,43.8,2.8
Forest Hills - 71 Av,E F M R,IND,Queens Blvd,Forest Hills & Rego Park,Q,406,15.1,13.8,15.9,29.7,37752.33333,8872.90137,3094.355556,-0.609854009,-60.99%,8203876,3156864,17.2,20.5,47.7,57.2,42.4,43.8,2.8
67 Av,M R,IND,Queens Blvd,Forest Hills & Rego Park,Q,406,15.1,13.8,15.9,29.7,37752.33333,8872.90137,3094.355556,-0.618555265,-61.86%,2672791,1005556,17.2,20.5,47.7,57.2,42.4,43.8,2.8
63 Dr - Rego Park,M R,IND,Queens Blvd,Forest Hills & Rego Park,Q,406,15.1,13.8,15.9,29.7,37752.33333,8872.90137,3094.355556,-0.596188243,-59.62%,4799434,1911519,17.2,20.5,47.7,57.2,42.4,43.8,2.8
Woodhaven Blvd,M R,IND,Queens Blvd,Elmhurst & South Corona,Q,404,25.6,23.2,36.8,60,71915.83333,4135.219178,1516.438889,-0.595297179,-59.53%,6435023,2568597,22.6,12.1,6.2,22.1,54.7,43.7,3.1
Grand Av - Newtown,M R,IND,Queens Blvd,Elmhurst & South Corona,Q,404,25.6,23.2,36.8,60,71915.83333,4135.219178,1516.438889,-0.590701663,-59.07%,5765499,2327483,22.6,12.1,6.2,22.1,54.7,43.7,3.1
Elmhurst Av,M R,IND,Queens Blvd,Elmhurst & South Corona,Q,404,25.6,23.2,36.8,60,71915.83333,4135.219178,1516.438889,-0.569740127,-56.97%,3890527,1651007,22.6,12.1,6.2,22.1,54.7,43.7,3.1
65 St,M R,IND,Queens Blvd,Sunnyside & Woodside,Q,402,18.8,14.8,28,42.8,22640,6330.690411,2364.655556,-0.583894798,-58.39%,1106877,454268,16.8,12.5,28.9,39.9,42.7,37.5,2.9
Northern Blvd,M R,IND,Queens Blvd,Sunnyside & Woodside,Q,402,18.8,14.8,28,42.8,22640,6330.690411,2364.655556,-0.558938676,-55.89%,2044833,889542,16.8,12.5,28.9,39.9,42.7,37.5,2.9
46 St,M R,IND,Queens Blvd,Astoria & Long Island City,Q,401,18.1,16.7,23.3,40,30823.3871,25651.47107,10245.85,-0.607398236,-60.74%,2625227,1016550,14.5,13,48.3,46.4,37.4,40,4.5
Steinway St,M R,IND,Queens Blvd,Astoria & Long Island City,Q,401,18.1,16.7,23.3,40,30823.3871,25651.47107,10245.85,-0.635322806,-63.53%,4737045,1703828,14.5,13,48.3,46.4,37.4,40,4.5
36 St,M R,IND,Queens Blvd,Astoria & Long Island City,Q,401,18.1,16.7,23.3,40,30823.3871,25651.47107,10245.85,-0.665120728,-66.51%,1437796,476197,14.5,13,48.3,46.4,37.4,40,4.5
Queens Plaza,E M R,IND,Queens Blvd,Sunnyside & Woodside,Q,402,18.8,14.8,28,42.8,22640,6330.690411,2364.655556,-0.675939829,-67.59%,4419838,1412673,16.8,12.5,28.9,39.9,42.7,37.5,2.9
5 Av/53 St,E M,IND,Queens Blvd,Midtown Business Distric,M,105,11.3,11.8,10.1,22,32295.625,3712.825967,1225.022222,-0.732651635,-73.27%,7717397,2034970,8.2,13.4,59.1,74.1,33.9,26.7,3.5
7 Av,B D E,IND,Queens Blvd,Midtown Business Distric,M,105,11.3,11.8,10.1,22,32295.625,3712.825967,1225.022222,-0.728878533,-72.89%,5574545,1490675,8.2,13.4,59.1,74.1,33.9,26.7,3.5
Jamaica Center - Parsons/Archer,E J Z,IND,Queens - Archer,"Jamaica, Hollis & St Albans",Q,412,19,17.1,27.2,44.3,23533.22917,20019.55068,6161.130556,-0.690397031,-69.04%,14521900,4434434,22.4,13.3,1.8,21.4,46.9,49,5.9
Sutphin Blvd - Archer Av - JFK Airport,E J Z,IND,Queens - Archer,"Jamaica, Hollis & St Albans",Q,412,19,17.1,27.2,44.3,23533.22917,20019.55068,6161.130556,-0.606987904,-60.70%,7454991,2889766,22.4,13.3,1.8,21.4,46.9,49,5.9
Union St,R,BMT,4th Av,"Park Slope, Carroll Gardens & Red Hook",Bk,306,9.6,10,8.8,18.9,33777.09677,2843.870523,1338.936111,-0.642848141,-64.28%,2294846,808381,21.2,10.4,64.1,73,28.8,38.4,4
Jamaica - Van Wyck,E,IND,Queens - Archer,Richmond Hill & Woodhaven,Q,409,21.5,19.6,24.7,44.3,37715,7818.558904,2404.733146,-0.431215554,-43.12%,1426653,798119,21.8,12.1,18,27,47.7,46.5,4.2
21 St,G,IND,Crosstown,Sunnyside & Woodside,Q,402,18.8,14.8,28,42.8,22640,6330.690411,2364.655556,-0.563334388,-56.33%,543712,234168,16.8,12.5,28.9,39.9,42.7,37.5,2.9
Greenpoint Av,G,IND,Crosstown,Greenpoint & Williamsburg,Bk,301,15.5,15.4,27,42.5,36826.17021,1670.775342,814.9472222,-0.581975319,-58.20%,3107694,1281297,22,9.6,63,49.6,40.2,34.5,3.7
Nassau Av,G,IND,Crosstown,Greenpoint & Williamsburg,Bk,301,15.5,15.4,27,42.5,36826.17021,1670.775342,814.9472222,-0.622651965,-62.27%,3147070,1171273,22,9.6,63,49.6,40.2,34.5,3.7
Broadway,G,IND,Crosstown,Greenpoint & Williamsburg,Bk,301,15.5,15.4,27,42.5,36826.17021,1670.775342,814.9472222,-0.516365456,-51.64%,1527473,728619,22,9.6,63,49.6,40.2,34.5,3.7
Flushing Av,G,IND,Crosstown,Greenpoint & Williamsburg,Bk,301,15.5,15.4,27,42.5,36826.17021,1670.775342,814.9472222,-0.454408527,-45.44%,739435,397903,22,9.6,63,49.6,40.2,34.5,3.7
Myrtle - Willoughby Avs,G,IND,Crosstown,Bedford-Stuyvesant,Bk,303,21.2,21.6,29.6,51.3,52753.44828,2920.580822,1350.863889,-0.567218846,-56.72%,1837346,784276,25.3,10.1,26,33.8,45.1,41.8,5.7
Bedford - Nostrand Avs,G,IND,Crosstown,Bedford-Stuyvesant,Bk,303,21.2,21.6,29.6,51.3,52753.44828,2920.580822,1350.863889,-0.62051023,-62.05%,2817052,1054398,25.3,10.1,26,33.8,45.1,41.8,5.7
Classon Av,G,IND,Crosstown,Brooklyn Heights & Fort Greene,Bk,302,11,12,15.8,27.8,35577.5,1364.909589,676.5611111,-0.613516757,-61.35%,1740743,663552,17.9,10.7,46.4,62.9,31.2,35.2,4.6
Clinton - Washington Avs,G,IND,Crosstown,Brooklyn Heights & Fort Greene,Bk,302,11,12,15.8,27.8,35577.5,1364.909589,676.5611111,-0.643843939,-64.38%,1626200,571247,17.9,10.7,46.4,62.9,31.2,35.2,4.6
Fulton St,G,IND,Crosstown,Brooklyn Heights & Fort Greene,Bk,302,11,12,15.8,27.8,35577.5,1364.909589,676.5611111,-0.580558185,-58.06%,1791876,741292,17.9,10.7,46.4,62.9,31.2,35.2,4.6
Van Cortlandt Park - 242 St,1,IRT,Broadway - 7Av,"Riverdale, Fieldston & Kingsbridge",Bx,208,15.8,18.6,24.5,43.1,30827.57576,6158.317808,2452.725,-0.557870592,-55.79%,2249005,980730,21.1,19,32.3,40.3,46.6,46.2,5
238 St,1,IRT,Broadway - 7Av,"Riverdale, Fieldston & Kingsbridge",Bx,208,15.8,18.6,24.5,43.1,30827.57576,6158.317808,2452.725,-0.53976123,-53.98%,1227438,557176,21.1,19,32.3,40.3,46.6,46.2,5
231 St,1,IRT,Broadway - 7Av,"Riverdale, Fieldston & Kingsbridge",Bx,208,15.8,18.6,24.5,43.1,30827.57576,6158.317808,2452.725,-0.578961056,-57.90%,2944480,1222758,21.1,19,32.3,40.3,46.6,46.2,5
Marble Hill - 225 St,1,IRT,Broadway - 7Av,"Washington Heights, Inwood & Marble Hill",M,112,19.6,19.5,28.9,48.3,67864.28571,4083.292818,1610.369444,-0.544569936,-54.46%,1582593,710887,17.4,14.1,18.9,33.3,43.4,41.2,6.1
215 St,1,IRT,Broadway - 7Av,"Washington Heights, Inwood & Marble Hill",M,112,19.6,19.5,28.9,48.3,67864.28571,4083.292818,1610.369444,-0.598599365,-59.86%,558582,217458,17.4,14.1,18.9,33.3,43.4,41.2,6.1
207 St,1,IRT,Broadway - 7Av,"Washington Heights, Inwood & Marble Hill",M,112,19.6,19.5,28.9,48.3,67864.28571,4083.292818,1610.369444,-0.535829179,-53.58%,1911570,879962,17.4,14.1,18.9,33.3,43.4,41.2,6.1
Dyckman St,1,IRT,Broadway - 7Av,"Washington Heights, Inwood & Marble Hill",M,112,19.6,19.5,28.9,48.3,67864.28571,4083.292818,1610.369444,-0.515397387,-51.54%,2096613,1002106,17.4,14.1,18.9,33.3,43.4,41.2,6.1
30 Av,N W,BMT,Astoria,Astoria & Long Island City,Q,401,18.1,16.7,23.3,40,30823.3871,25651.47107,10245.85,-0.674975693,-67.50%,5251409,1678778,14.5,13,48.3,46.4,37.4,40,4.5
Prospect Av,R,BMT,4th Av,Sunset Park & Windsor Terrace,Bk,307,27.9,23.9,33,56.9,34116.21622,9325.815934,3749.643059,-0.619777358,-61.98%,1789122,670946,24,10.3,24.4,29.6,48.1,42.9,3.8
191 St,1,IRT,Broadway - 7Av,"Washington Heights, Inwood & Marble Hill",M,112,19.6,19.5,28.9,48.3,67864.28571,4083.292818,1610.369444,-0.820062619,-82.01%,2340486,416513,17.4,14.1,18.9,33.3,43.4,41.2,6.1
181 St,1,IRT,Broadway - 7Av,"Washington Heights, Inwood & Marble Hill",M,112,19.6,19.5,28.9,48.3,67864.28571,4083.292818,1610.369444,-0.510805618,-51.08%,3555238,1620079,17.4,14.1,18.9,33.3,43.4,41.2,6.1
157 St,1,IRT,Broadway - 7Av,"Washington Heights, Inwood & Marble Hill",M,112,19.6,19.5,28.9,48.3,67864.28571,4083.292818,1610.369444,-0.643440504,-64.34%,3770810,1307682,17.4,14.1,18.9,33.3,43.4,41.2,6.1
145 St,1,IRT,Broadway - 7Av,"Hamilton Hts, Manhattanville & West Harlem",M,109,20.7,20.2,25.8,46,73462,3623.339726,1691.225,-0.594774592,-59.48%,2964761,1184939,15.1,12.4,27.6,45.4,45.1,36.5,3.8
137 St - City College,1,IRT,Broadway - 7Av,"Hamilton Hts, Manhattanville & West Harlem",M,109,20.7,20.2,25.8,46,73462,3623.339726,1691.225,-0.576130563,-57.61%,3923234,1640159,15.1,12.4,27.6,45.4,45.1,36.5,3.8
125 St,1,IRT,Broadway - 7Av,"Hamilton Hts, Manhattanville & West Harlem",M,109,20.7,20.2,25.8,46,73462,3623.339726,1691.225,-0.616248855,-61.62%,2390192,904674,15.1,12.4,27.6,45.4,45.1,36.5,3.8
116 St - Columbia University,1,IRT,Broadway - 7Av,"Hamilton Hts, Manhattanville & West Harlem",M,109,20.7,20.2,25.8,46,73462,3623.339726,1691.225,-0.723813001,-72.38%,4385955,1194750,15.1,12.4,27.6,45.4,45.1,36.5,3.8
Cathedral Pkwy,1,IRT,Broadway - 7Av,Upper West Side & West Side,M,107,9.2,9.2,8.9,18.1,110044.2105,3063.172603,1455.686111,-0.640407205,-64.04%,3711559,1316367,15.5,20.6,68,77,31.4,32.2,3.3
103 St,1,IRT,Broadway - 7Av,Upper West Side & West Side,M,107,9.2,9.2,8.9,18.1,110044.2105,3063.172603,1455.686111,-0.630482854,-63.05%,3780110,1377681,15.5,20.6,68,77,31.4,32.2,3.3
25 St,R,BMT,4th Av,Sunset Park & Windsor Terrace,Bk,307,27.9,23.9,33,56.9,34116.21622,9325.815934,3749.643059,-0.558553609,-55.86%,1171626,510125,24,10.3,24.4,29.6,48.1,42.9,3.8
96 St,1 2 3,IRT,Broadway - 7Av,Upper West Side & West Side,M,107,9.2,9.2,8.9,18.1,110044.2105,3063.172603,1455.686111,-0.64924632,-64.92%,11695611,4046083,15.5,20.6,68,77,31.4,32.2,3.3
86 St,1,IRT,Broadway - 7Av,Upper West Side & West Side,M,107,9.2,9.2,8.9,18.1,110044.2105,3063.172603,1455.686111,-0.652930359,-65.29%,5684748,1945976,15.5,20.6,68,77,31.4,32.2,3.3
79 St,1,IRT,Broadway - 7Av,Upper West Side & West Side,M,107,9.2,9.2,8.9,18.1,110044.2105,3063.172603,1455.686111,-0.668152176,-66.82%,4775532,1563041,15.5,20.6,68,77,31.4,32.2,3.3
72 St,1 2 3,IRT,Broadway - 7Av,Upper West Side & West Side,M,107,9.2,9.2,8.9,18.1,110044.2105,3063.172603,1455.686111,-0.66006109,-66.01%,12416880,4163159,15.5,20.6,68,77,31.4,32.2,3.3
66 St - Lincoln Center,1,IRT,Broadway - 7Av,Upper West Side & West Side,M,107,9.2,9.2,8.9,18.1,110044.2105,3063.172603,1455.686111,-0.713361882,-71.34%,7083251,2002517,15.5,20.6,68,77,31.4,32.2,3.3
50 St,1,IRT,Broadway - 7Av,Midtown Business Distric,M,105,11.3,11.8,10.1,22,32295.625,3712.825967,1225.022222,-0.744831805,-74.48%,8169379,2056010,8.2,13.4,59.1,74.1,33.9,26.7,3.5
34 St - Penn Station,1 2 3,IRT,Broadway - 7Av,Midtown Business Distric,M,105,11.3,11.8,10.1,22,32295.625,3712.825967,1225.022222,-0.275148379,-27.51%,10711039,7657559,8.2,13.4,59.1,74.1,33.9,26.7,3.5
28 St,1,IRT,Broadway - 7Av,Midtown Business Distric,M,105,11.3,11.8,10.1,22,32295.625,3712.825967,1225.022222,-0.711852601,-71.19%,4512974,1282588,8.2,13.4,59.1,74.1,33.9,26.7,3.5
36 St,D N R,BMT,4th Av,Sunset Park & Windsor Terrace,Bk,307,27.9,23.9,33,56.9,34116.21622,9325.815934,3749.643059,-0.547587955,-54.76%,4329829,1932033,24,10.3,24.4,29.6,48.1,42.9,3.8
23 St,1,IRT,Broadway - 7Av,"Chelsea, Clinton",M,104,11.3,11.8,10.1,22,57358.33333,12978.71781,4862.4,-0.682243784,-68.22%,4649704,1457233,8.2,13.4,59.1,74.1,33.9,26.7,3.5
18 St,1,IRT,Broadway - 7Av,"Chelsea, Clinton",M,104,11.3,11.8,10.1,22,57358.33333,12978.71781,4862.4,-0.717688598,-71.77%,2658266,742212,8.2,13.4,59.1,74.1,33.9,26.7,3.5
Christopher St - Sheridan Sq,1,IRT,Broadway - 7Av,"Greenwich Village, Soho",M,102,8.8,7.9,6.7,14.6,64297.14286,#DIV/0!,5298.277778,-0.711915366,-71.19%,3433793,975672,12.7,12.8,72.2,82.2,30.1,25.4,2.8
Houston St,1,IRT,Broadway - 7Av,"Greenwich Village, Soho",M,102,8.8,7.9,6.7,14.6,64297.14286,#DIV/0!,5298.277778,-0.712068015,-71.21%,4513727,1281843,12.7,12.8,72.2,82.2,30.1,25.4,2.8
Canal St,1,IRT,Broadway - 7Av,"Greenwich Village, Soho",M,102,8.8,7.9,6.7,14.6,64297.14286,#DIV/0!,5298.277778,-0.735150386,-73.52%,2000038,522453,12.7,12.8,72.2,82.2,30.1,25.4,2.8
Franklin St,1,IRT,Broadway - 7Av,Battery Park City,M,101,8.8,7.9,6.7,14.6,40652,14598.75342,5420.066667,-0.700133244,-70.01%,1588726,469880,12.7,12.8,72.2,82.2,30.1,25.4,2.8
Chambers St,1 2 3,IRT,Broadway - 7Av,Battery Park City,M,101,8.8,7.9,6.7,14.6,40652,14598.75342,5420.066667,-0.715298261,-71.53%,5983920,1680295,12.7,12.8,72.2,82.2,30.1,25.4,2.8
WTC Cortlandt,1,IRT,Broadway - 7Av,Battery Park City,M,101,8.8,7.9,6.7,14.6,40652,14598.75342,5420.066667,-0.750148223,-75.01%,4298976,1059393,12.7,12.8,72.2,82.2,30.1,25.4,2.8
Rector St,1,IRT,Broadway - 7Av,Battery Park City,M,101,8.8,7.9,6.7,14.6,40652,14598.75342,5420.066667,-0.743616773,-74.36%,2643386,668436,12.7,12.8,72.2,82.2,30.1,25.4,2.8
45 St,R,BMT,4th Av,Sunset Park & Windsor Terrace,Bk,307,27.9,23.9,33,56.9,34116.21622,9325.815934,3749.643059,-0.562483549,-56.25%,2471066,1066322,24,10.3,24.4,29.6,48.1,42.9,3.8
Wall St,2 3,IRT,Clark St,Battery Park City,M,101,8.8,7.9,6.7,14.6,40652,14598.75342,5420.066667,-0.713950489,-71.40%,7010094,1977765,12.7,12.8,72.2,82.2,30.1,25.4,2.8
Clark St,2 3,IRT,Clark St,Brooklyn Heights & Fort Greene,Bk,302,11,12,15.8,27.8,35577.5,1364.909589,676.5611111,-0.677999545,-67.80%,1808580,574386,17.9,10.7,46.4,62.9,31.2,35.2,4.6
Hoyt St,2 3,IRT,Eastern Pky,Brooklyn Heights & Fort Greene,Bk,302,11,12,15.8,27.8,35577.5,1364.909589,676.5611111,-0.618605589,-61.86%,2352371,884891,17.9,10.7,46.4,62.9,31.2,35.2,4.6
Nevins St,2 3 4 5,IRT,Eastern Pky,Brooklyn Heights & Fort Greene,Bk,302,11,12,15.8,27.8,35577.5,1364.909589,676.5611111,-0.629798006,-62.98%,3187965,1164024,17.9,10.7,46.4,62.9,31.2,35.2,4.6
Bergen St,2 3,IRT,Eastern Pky,"Park Slope, Carroll Gardens & Red Hook",Bk,306,9.6,10,8.8,18.9,33777.09677,2843.870523,1338.936111,-0.645904899,-64.59%,1224592,427682,21.2,10.4,64.1,73,28.8,38.4,4
53 St,R,BMT,4th Av,"Park Slope, Carroll Gardens & Red Hook",Bk,306,9.6,10,8.8,18.9,33777.09677,2843.870523,1338.936111,-0.513134466,-51.31%,2809983,1349343,21.2,10.4,64.1,73,28.8,38.4,4
Grand Army Plaza,2 3,IRT,Eastern Pky,"Park Slope, Carroll Gardens & Red Hook",Bk,306,9.6,10,8.8,18.9,33777.09677,2843.870523,1338.936111,-0.65178733,-65.18%,2307809,792600,21.2,10.4,64.1,73,28.8,38.4,4
Eastern Pkwy - Brooklyn Museum,2 3,IRT,Eastern Pky,Crown Heights North & Prospect Heights,Bk,308,20.4,21.1,23.2,44.3,60198.125,19471.94795,5396.819444,-0.667296439,-66.73%,1351780,442349,19.3,11.3,22.3,41.2,42.9,41.3,4.6
Nostrand Av,3,IRT,Eastern Pky,"Crown Heights So, Prospect Lefferts & Wingate",Bk,309,20.8,20.8,27.7,48.5,61518.125,1435.865753,583.6583333,-0.631355537,-63.14%,1390807,508476,21.4,13.8,22.8,32.4,47.6,42.7,5.4
Kingston Av,3,IRT,Eastern Pky,"Crown Heights So, Prospect Lefferts & Wingate",Bk,309,20.8,20.8,27.7,48.5,61518.125,1435.865753,583.6583333,-0.586308191,-58.63%,1489184,607624,21.4,13.8,22.8,32.4,47.6,42.7,5.4
Crown Hts - Utica Av,3 4,IRT,Eastern Pky,Crown Heights North & Prospect Heights,Bk,308,20.4,21.1,23.2,44.3,60198.125,19471.94795,5396.819444,-0.539885173,-53.99%,8095394,3673786,19.3,11.3,22.3,41.2,42.9,41.3,4.6
Sutter Av - Rutland Rd,3,IRT,Eastern Pky,"East Flatbush, Farragut & Rugby",Bk,317,19.5,16.8,27.9,44.7,45662.35294,20730.65097,8221.072222,-0.524586,-52.46%,2038766,985686,21.2,15.9,2.7,24.8,48.5,47.4,4.3
Saratoga Av,3,IRT,Eastern Pky,Brownsville & Ocean Hill,Bk,316,29.4,29.6,31.1,60.7,45509.47368,2488.638356,985.7027778,-0.497009265,-49.70%,1593133,790354,24.4,11.5,2.6,14.4,55.2,46.9,7
Rockaway Av,3,IRT,Eastern Pky,Brownsville & Ocean Hill,Bk,316,29.4,29.6,31.1,60.7,45509.47368,2488.638356,985.7027778,-0.503794578,-50.38%,1486606,727557,24.4,11.5,2.6,14.4,55.2,46.9,7
Junius St,3,IRT,Eastern Pky,Brownsville & Ocean Hill,Bk,316,29.4,29.6,31.1,60.7,45509.47368,2488.638356,985.7027778,-0.487733833,-48.77%,692441,349855,24.4,11.5,2.6,14.4,55.2,46.9,7
59 St,N R,BMT,4th Av,East New York & Starrett City,Bk,305,28.7,28.9,29.3,58.2,32660,3560.231844,1693.341667,-0.555790584,-55.58%,3497426,1607316,25.9,11.5,3.7,14.8,49.7,44.9,4.4
Pennsylvania Av,3,IRT,Eastern Pky,East New York & Starrett City,Bk,305,28.7,28.9,29.3,58.2,32660,3560.231844,1693.341667,-0.511533793,-51.15%,1392831,671031,25.9,11.5,3.7,14.8,49.7,44.9,4.4
Van Siclen Av,3,IRT,Eastern Pky,East New York & Starrett City,Bk,305,28.7,28.9,29.3,58.2,32660,3560.231844,1693.341667,-0.519189993,-51.92%,869845,412501,25.9,11.5,3.7,14.8,49.7,44.9,4.4
New Lots Av,3,IRT,Eastern Pky,East New York & Starrett City,Bk,305,28.7,28.9,29.3,58.2,32660,3560.231844,1693.341667,-0.496213321,-49.62%,1736229,862707,25.9,11.5,3.7,14.8,49.7,44.9,4.4
President St,2 5,IRT,Nostrand,"Crown Heights So, Prospect Lefferts & Wingate",Bk,309,20.8,20.8,27.7,48.5,61518.125,1435.865753,583.6583333,-0.577215208,-57.72%,1057257,440869,21.4,13.8,22.8,32.4,47.6,42.7,5.4
Sterling St,2 5,IRT,Nostrand,"Crown Heights So, Prospect Lefferts & Wingate",Bk,309,20.8,20.8,27.7,48.5,61518.125,1435.865753,583.6583333,-0.560504554,-56.05%,1678120,727423,21.4,13.8,22.8,32.4,47.6,42.7,5.4
Winthrop St,2 5,IRT,Nostrand,"Crown Heights So, Prospect Lefferts & Wingate",Bk,309,20.8,20.8,27.7,48.5,61518.125,1435.865753,583.6583333,-0.494277651,-49.43%,1914375,954880,21.4,13.8,22.8,32.4,47.6,42.7,5.4
Church Av,2 5,IRT,Nostrand,"Crown Heights So, Prospect Lefferts & Wingate",Bk,309,20.8,20.8,27.7,48.5,61518.125,1435.865753,583.6583333,-0.536010543,-53.60%,2921266,1336869,21.4,13.8,22.8,32.4,47.6,42.7,5.4
Beverly Rd,2 5,IRT,Nostrand,"Crown Heights So, Prospect Lefferts & Wingate",Bk,309,20.8,20.8,27.7,48.5,61518.125,1435.865753,583.6583333,-0.534081413,-53.41%,1311862,602848,21.4,13.8,22.8,32.4,47.6,42.7,5.4
Newkirk Av,2 5,IRT,Nostrand,"East Flatbush, Farragut & Rugby",Bk,317,19.5,16.8,27.9,44.7,45662.35294,20730.65097,8221.072222,-0.52422348,-52.42%,2182690,1024247,21.2,15.9,2.7,24.8,48.5,47.4,4.3
Flatbush Av - Brooklyn College,2 5,IRT,Nostrand,Flatbush & Midwood,Bk,314,21.5,20.4,26.9,47.3,55401.37931,11533.44932,4322.875,-0.573544355,-57.35%,5887584,2476399,25.1,13.1,40.8,38,48.6,42.7,4.4
Bay Ridge Av,R,BMT,4th Av,Bay Ridge & Dyker Heights,Bk,310,19,17.6,20.4,38,31122.75,8908.531507,3590.094444,-0.563543619,-56.35%,2381755,1025292,19.6,16.6,54.6,41.8,43.4,44.5,3.8
Pelham Bay Park,6,IRT,Pelham,"Co-op City, Pelham Bay & Schuylerville",Bx,210,14,14.3,21,35.3,18811.25,6046.799451,2728.761111,-0.551936896,-55.19%,2219054,980656,19.4,19.9,27.5,27.9,38.2,45.1,4.4
Buhre Av,6,IRT,Pelham,"Co-op City, Pelham Bay & Schuylerville",Bx,210,14,14.3,21,35.3,18811.25,6046.799451,2728.761111,-0.561707559,-56.17%,1160304,501586,19.4,19.9,27.5,27.9,38.2,45.1,4.4
Middletown Rd,6,IRT,Pelham,"Co-op City, Pelham Bay & Schuylerville",Bx,210,14,14.3,21,35.3,18811.25,6046.799451,2728.761111,-0.579547133,-57.95%,618386,257145,19.4,19.9,27.5,27.9,38.2,45.1,4.4
Westchester Sq - E Tremont Av,6,IRT,Pelham,"Co-op City, Pelham Bay & Schuylerville",Bx,210,14,14.3,21,35.3,18811.25,6046.799451,2728.761111,-0.540953713,-54.10%,1831738,829334,19.4,19.9,27.5,27.9,38.2,45.1,4.4
Zerega Av,6,IRT,Pelham,"Co-op City, Pelham Bay & Schuylerville",Bx,210,14,14.3,21,35.3,18811.25,6046.799451,2728.761111,-0.565927737,-56.59%,810579,347030,19.4,19.9,27.5,27.9,38.2,45.1,4.4
Castle Hill Av,6,IRT,Pelham,"Castle Hill, Clason Point & Parkchester",Bx,209,27.6,29.6,29.5,59.1,42023.90244,9139.886427,4152.547222,-0.531653151,-53.17%,1984404,916658,24.5,12.5,2.9,17.4,48.9,46.4,6
Parkchester,6,IRT,Pelham,"Castle Hill, Clason Point & Parkchester",Bx,209,27.6,29.6,29.5,59.1,42023.90244,9139.886427,4152.547222,-0.55086099,-55.09%,4809328,2130467,24.5,12.5,2.9,17.4,48.9,46.4,6
St Lawrence Av,6,IRT,Pelham,"Castle Hill, Clason Point & Parkchester",Bx,209,27.6,29.6,29.5,59.1,42023.90244,9139.886427,4152.547222,-0.516252712,-51.63%,1288955,614987,24.5,12.5,2.9,17.4,48.9,46.4,6
Morrison Av- Sound View,6,IRT,Pelham,"Castle Hill, Clason Point & Parkchester",Bx,209,27.6,29.6,29.5,59.1,42023.90244,9139.886427,4152.547222,-0.509057332,-50.91%,1986273,961788,24.5,12.5,2.9,17.4,48.9,46.4,6
Elder Av,6,IRT,Pelham,"Castle Hill, Clason Point & Parkchester",Bx,209,27.6,29.6,29.5,59.1,42023.90244,9139.886427,4152.547222,-0.491445052,-49.14%,2010146,1008266,24.5,12.5,2.9,17.4,48.9,46.4,6
77 St,R,BMT,4th Av,Bay Ridge & Dyker Heights,Bk,310,19,17.6,20.4,38,31122.75,8908.531507,3590.094444,-0.578676985,-57.87%,1701190,706932,19.6,16.6,54.6,41.8,43.4,44.5,3.8
Whitlock Av,6,IRT,Pelham,"Hunts Point, Longwood",Bx,202,31,32.3,36.7,69,23748.18182,14731.63836,5858.733333,-0.492256522,-49.23%,591939,296436,27.9,8.8,2,10.7,50.3,43.4,6.1
Hunts Point Av,6,IRT,Pelham,"Hunts Point, Longwood",Bx,202,31,32.3,36.7,69,23748.18182,14731.63836,5858.733333,-0.498970343,-49.90%,3220477,1591451,27.9,8.8,2,10.7,50.3,43.4,6.1
Longwood Av,6,IRT,Pelham,"Hunts Point, Longwood",Bx,202,31,32.3,36.7,69,23748.18182,14731.63836,5858.733333,-0.604344774,-60.43%,965907,376931,27.9,8.8,2,10.7,50.3,43.4,6.1
E 149 St,6,IRT,Pelham,"Hunts Point, Longwood",Bx,202,31,32.3,36.7,69,23748.18182,14731.63836,5858.733333,-0.478427222,-47.84%,1488221,757076,27.9,8.8,2,10.7,50.3,43.4,6.1
E 143 St - St Mary's St,6,IRT,Pelham,Melrose,Bx,201,31,32.3,36.7,69,41589.54545,4699.534247,1991.227778,-0.471963618,-47.20%,322189,167797,27.9,8.8,2,10.7,50.3,43.4,6.1
Cypress Av,6,IRT,Pelham,Melrose,Bx,201,31,32.3,36.7,69,41589.54545,4699.534247,1991.227778,-0.528234996,-52.82%,1063678,494932,27.9,8.8,2,10.7,50.3,43.4,6.1
Brook Av,6,IRT,Pelham,Melrose,Bx,201,31,32.3,36.7,69,41589.54545,4699.534247,1991.227778,-0.497522982,-49.75%,1848633,916171,27.9,8.8,2,10.7,50.3,43.4,6.1
3 Av - 138 St,6,IRT,Pelham,Melrose,Bx,201,31,32.3,36.7,69,41589.54545,4699.534247,1991.227778,-0.512679974,-51.27%,2542547,1222061,27.9,8.8,2,10.7,50.3,43.4,6.1
Woodlawn,4,IRT,Jerome Av,"Bedford Park, Fordham North & Norwood",Bx,207,27.4,30.8,36.4,67.3,73308.42105,5784.060274,2310.894444,-0.550790275,-55.08%,2145184,950437,26.4,9.6,5.8,16.6,54.4,44.9,7.5
Mosholu Pkwy,4,IRT,Jerome Av,"Bedford Park, Fordham North & Norwood",Bx,207,27.4,30.8,36.4,67.3,73308.42105,5784.060274,2310.894444,-0.51118067,-51.12%,2519435,1214678,26.4,9.6,5.8,16.6,54.4,44.9,7.5
86 St,R,BMT,4th Av,Bay Ridge & Dyker Heights,Bk,310,19,17.6,20.4,38,31122.75,8908.531507,3590.094444,-0.569208933,-56.92%,3494280,1484684,19.6,16.6,54.6,41.8,43.4,44.5,3.8
Bedford Park Blvd - Lehman College,4,IRT,Jerome Av,"Bedford Park, Fordham North & Norwood",Bx,207,27.4,30.8,36.4,67.3,73308.42105,5784.060274,2310.894444,-0.56403768,-56.40%,1565603,673194,26.4,9.6,5.8,16.6,54.4,44.9,7.5
Kingsbridge Rd,4,IRT,Jerome Av,"Bedford Park, Fordham North & Norwood",Bx,207,27.4,30.8,36.4,67.3,73308.42105,5784.060274,2310.894444,-0.52830888,-52.83%,2751961,1283811,26.4,9.6,5.8,16.6,54.4,44.9,7.5
Fordham Rd,4,IRT,Jerome Av,"Bedford Park, Fordham North & Norwood",Bx,207,27.4,30.8,36.4,67.3,73308.42105,5784.060274,2310.894444,-0.514546663,-51.45%,3146597,1506601,26.4,9.6,5.8,16.6,54.4,44.9,7.5
183 St,4,IRT,Jerome Av,"Morris Heights, Fordham South & Mount Hope",Bx,205,35.6,37.1,36.2,73.3,91571.42857,5175.841096,2223.208333,-0.487390573,-48.74%,1792790,906412,29.1,8.2,1.1,12.3,58.3,43.3,7.3
Burnside Av,4,IRT,Jerome Av,"Morris Heights, Fordham South & Mount Hope",Bx,205,35.6,37.1,36.2,73.3,91571.42857,5175.841096,2223.208333,-0.545076133,-54.51%,3154783,1415526,29.1,8.2,1.1,12.3,58.3,43.3,7.3
176 St,4,IRT,Jerome Av,"Morris Heights, Fordham South & Mount Hope",Bx,205,35.6,37.1,36.2,73.3,91571.42857,5175.841096,2223.208333,-0.525281321,-52.53%,1728667,809389,29.1,8.2,1.1,12.3,58.3,43.3,7.3
Mt Eden Av,4,IRT,Jerome Av,"Concourse, Highbridge ",Bx,204,32.4,34.7,36.2,70.9,73220.5,7448.131507,2786.330556,-0.488308315,-48.83%,1550550,782535,27.3,9.9,2,15.6,53.9,42,6.3
170 St,4,IRT,Jerome Av,"Concourse, Highbridge ",Bx,204,32.4,34.7,36.2,70.9,73220.5,7448.131507,2786.330556,-0.510316427,-51.03%,2505489,1210090,27.3,9.9,2,15.6,53.9,42,6.3
167 St,4,IRT,Jerome Av,"Concourse, Highbridge ",Bx,204,32.4,34.7,36.2,70.9,73220.5,7448.131507,2786.330556,-0.494345407,-49.43%,2666677,1329946,27.3,9.9,2,15.6,53.9,42,6.3
Bay Ridge - 95 St,R,BMT,4th Av,Bay Ridge & Dyker Heights,Bk,310,19,17.6,20.4,38,31122.75,8908.531507,3590.094444,-0.566649588,-56.66%,1786387,763527,19.6,16.6,54.6,41.8,43.4,44.5,3.8
138 St - Grand Concourse,4 5,IRT,Jerome Av,Melrose,Bx,201,31,32.3,36.7,69,41589.54545,4699.534247,1991.227778,-0.659169994,-65.92%,1052805,352929,27.9,8.8,2,10.7,50.3,43.4,6.1
125 St,4 5 6,IRT,Lexington Av,East Harlem,M,111,22.3,23.7,33.7,57.4,50212.91667,4254.711538,1804.55,-0.594206006,-59.42%,8705964,3484433,20.4,12.9,13.7,31.4,38.3,35.8,5.3
116 St,6,IRT,Lexington Av,East Harlem,M,111,22.3,23.7,33.7,57.4,50212.91667,4254.711538,1804.55,-0.572174475,-57.22%,4617230,1948309,20.4,12.9,13.7,31.4,38.3,35.8,5.3
110 St,6,IRT,Lexington Av,East Harlem,M,111,22.3,23.7,33.7,57.4,50212.91667,4254.711538,1804.55,-0.578194552,-57.82%,3333783,1390755,20.4,12.9,13.7,31.4,38.3,35.8,5.3
103 St,6,IRT,Lexington Av,East Harlem,M,111,22.3,23.7,33.7,57.4,50212.91667,4254.711538,1804.55,-0.561072551,-56.11%,4063650,1759214,20.4,12.9,13.7,31.4,38.3,35.8,5.3
96 St,6,IRT,Lexington Av,Upper East Side,M,108,7.2,6.3,6.2,12.5,109960,4961.260274,2356.602778,-0.588995755,-58.90%,5182944,2101031,14.6,20.8,75.3,80.5,32.5,31.4,2
86 St,4 5 6,IRT,Lexington Av,Upper East Side,M,108,7.2,6.3,6.2,12.5,109960,4961.260274,2356.602778,-0.639943192,-63.99%,13563096,4816588,14.6,20.8,75.3,80.5,32.5,31.4,2
77 St,6,IRT,Lexington Av,Upper East Side,M,108,7.2,6.3,6.2,12.5,109960,4961.260274,2356.602778,-0.615092307,-61.51%,7843935,2986013,14.6,20.8,75.3,80.5,32.5,31.4,2
68 St - Hunter College,6,IRT,Lexington Av,Upper East Side,M,108,7.2,6.3,6.2,12.5,109960,4961.260274,2356.602778,-0.640754791,-64.08%,6735631,2386596,14.6,20.8,75.3,80.5,32.5,31.4,2
Broadway,N W,BMT,Astoria,Astoria & Long Island City,Q,401,18.1,16.7,23.3,40,30823.3871,25651.47107,10245.85,-0.567989237,-56.80%,3047089,1377602,14.5,13,48.3,46.4,37.4,40,4.5
33 St,6,IRT,Lexington Av,Midtown Business Distric,M,105,11.3,11.8,10.1,22,32295.625,3712.825967,1225.022222,-0.672941448,-67.29%,8797120,2837760,8.2,13.4,59.1,74.1,33.9,26.7,3.5
28 St,6,IRT,Lexington Av,Midtown Business Distric,M,105,11.3,11.8,10.1,22,32295.625,3712.825967,1225.022222,-0.646613621,-64.66%,5726189,2052058,8.2,13.4,59.1,74.1,33.9,26.7,3.5
23 St,6,IRT,Lexington Av,Midtown Business Distric,M,105,11.3,11.8,10.1,22,32295.625,3712.825967,1225.022222,-0.705080267,-70.51%,8531519,2481646,8.2,13.4,59.1,74.1,33.9,26.7,3.5
Astor Pl,6,IRT,Lexington Av,"Greenwich Village, Soho",M,102,8.8,7.9,6.7,14.6,64297.14286,#DIV/0!,5298.277778,-0.713229242,-71.32%,5383903,1522796,12.7,12.8,72.2,82.2,30.1,25.4,2.8
Spring St,6,IRT,Lexington Av,"Greenwich Village, Soho",M,102,8.8,7.9,6.7,14.6,64297.14286,#DIV/0!,5298.277778,-0.725646844,-72.56%,3682187,996381,12.7,12.8,72.2,82.2,30.1,25.4,2.8
7 Av,B Q,BMT,Broadway - Brighton,"Park Slope, Carroll Gardens & Red Hook",Bk,306,9.6,10,8.8,18.9,33777.09677,2843.870523,1338.936111,-0.677439023,-67.74%,3124511,991278,21.2,10.4,64.1,73,28.8,38.4,4
Wall St,4 5,IRT,Lexington Av,Battery Park City,M,101,8.8,7.9,6.7,14.6,40652,14598.75342,5420.066667,-0.718666459,-71.87%,5624184,1564884,12.7,12.8,72.2,82.2,30.1,25.4,2.8
Bowling Green,4 5,IRT,Lexington Av,Battery Park City,M,101,8.8,7.9,6.7,14.6,40652,14598.75342,5420.066667,-0.709994116,-71.00%,8754690,2504132,12.7,12.8,72.2,82.2,30.1,25.4,2.8
Wakefield - 241 St,2,IRT,Lenox - White Plains Rd,"Wakefield, Willamsbridge & Woodlawn",Bx,212,20.9,22,26.4,48.4,27204.28571,3599.915068,1616.333333,-0.480527154,-48.05%,1481454,759033,22.3,13.2,6.3,23.4,52.6,47.1,6.3
Nereid Av,2 5,IRT,Lenox - White Plains Rd,"Wakefield, Willamsbridge & Woodlawn",Bx,212,20.9,22,26.4,48.4,27204.28571,3599.915068,1616.333333,-0.536298808,-53.63%,1018115,465634,22.3,13.2,6.3,23.4,52.6,47.1,6.3
233 St,2 5,IRT,Lenox - White Plains Rd,"Wakefield, Willamsbridge & Woodlawn",Bx,212,20.9,22,26.4,48.4,27204.28571,3599.915068,1616.333333,-0.514510774,-51.45%,1457731,698018,22.3,13.2,6.3,23.4,52.6,47.1,6.3
225 St,2 5,IRT,Lenox - White Plains Rd,"Wakefield, Willamsbridge & Woodlawn",Bx,212,20.9,22,26.4,48.4,27204.28571,3599.915068,1616.333333,-0.548033318,-54.80%,1207108,538099,22.3,13.2,6.3,23.4,52.6,47.1,6.3
Prospect Park,B Q,BMT,Broadway - Brighton,"Wakefield, Willamsbridge & Woodlawn",Bk,212,20.9,22,26.4,48.4,27204.28571,3599.915068,1616.333333,-0.625289494,-62.53%,3373896,1246916,22.3,13.2,6.3,23.4,52.6,47.1,6.3
219 St,2 5,IRT,Lenox - White Plains Rd,"Wakefield, Willamsbridge & Woodlawn",Bx,212,20.9,22,26.4,48.4,27204.28571,3599.915068,1616.333333,-0.545179401,-54.52%,987360,442920,22.3,13.2,6.3,23.4,52.6,47.1,6.3
Gun Hill Rd,2 5,IRT,Lenox - White Plains Rd,"Wakefield, Willamsbridge & Woodlawn",Bx,212,20.9,22,26.4,48.4,27204.28571,3599.915068,1616.333333,-0.563585761,-56.36%,2301534,990663,22.3,13.2,6.3,23.4,52.6,47.1,6.3
Burke Av,2 5,IRT,Lenox - White Plains Rd,"Wakefield, Willamsbridge & Woodlawn",Bx,212,20.9,22,26.4,48.4,27204.28571,3599.915068,1616.333333,-0.536317733,-53.63%,1012959,463257,22.3,13.2,6.3,23.4,52.6,47.1,6.3
Allerton Av,2 5,IRT,Lenox - White Plains Rd,"Pelham Parkway, Morris Park & Laconia",Bx,211,20.6,20,29,49,31453.33333,11031.22192,3191.758333,-0.544124564,-54.41%,1631555,733597,22.3,14.4,21.7,24.8,49,44,6
Pelham Pkwy,2 5,IRT,Lenox - White Plains Rd,"Pelham Parkway, Morris Park & Laconia",Bx,211,20.6,20,29,49,31453.33333,11031.22192,3191.758333,-0.553702574,-55.37%,2682591,1180833,22.3,14.4,21.7,24.8,49,44,6
Bronx Park East,2 5,IRT,Lenox - White Plains Rd,"Pelham Parkway, Morris Park & Laconia",Bx,211,20.6,20,29,49,31453.33333,11031.22192,3191.758333,-0.556486174,-55.65%,777888,340278,22.3,14.4,21.7,24.8,49,44,6
E 180 St,2 5,IRT,Lenox - White Plains Rd,"Belmont, East Tremont",Bx,206,30.3,31.4,39,70.4,55512,5336.528767,2227.777778,-0.492062661,-49.21%,2285833,1145155,28.4,9.4,4,13.2,50.7,44.2,7.8
West Farms Sq - E Tremont Av,2 5,IRT,Lenox - White Plains Rd,"Belmont, East Tremont",Bx,206,30.3,31.4,39,70.4,55512,5336.528767,2227.777778,-0.56192125,-56.19%,2138553,924021,28.4,9.4,4,13.2,50.7,44.2,7.8
174 St,2 5,IRT,Lenox - White Plains Rd,Crotona Park East,Bx,203,30.3,31.4,39,70.4,49851.25,21540.70137,7809.136111,-0.552444095,-55.24%,2079744,918051,28.4,9.4,4,13.2,50.7,44.2,7.8
Freeman St,2 5,IRT,Lenox - White Plains Rd,Crotona Park East,Bx,203,30.3,31.4,39,70.4,49851.25,21540.70137,7809.136111,-0.543005235,-54.30%,1378847,621494,28.4,9.4,4,13.2,50.7,44.2,7.8
Parkside Av,B Q,BMT,Broadway - Brighton,"Crown Heights So, Prospect Lefferts & Wingate",Bk,309,20.8,20.8,27.7,48.5,61518.125,1435.865753,583.6583333,-0.561947177,-56.19%,1973306,852571,21.4,13.8,22.8,32.4,47.6,42.7,5.4
Simpson St,2 5,IRT,Lenox - White Plains Rd,"Hunts Point, Longwood",Bx,202,31,32.3,36.7,69,23748.18182,14731.63836,5858.733333,-0.542708203,-54.27%,2636624,1189190,27.9,8.8,2,10.7,50.3,43.4,6.1
Intervale Av,2 5,IRT,Lenox - White Plains Rd,"Hunts Point, Longwood",Bx,202,31,32.3,36.7,69,23748.18182,14731.63836,5858.733333,-0.526808363,-52.68%,980732,457717,27.9,8.8,2,10.7,50.3,43.4,6.1
Prospect Av,2 5,IRT,Lenox - White Plains Rd,Melrose,Bx,201,31,32.3,36.7,69,41589.54545,4699.534247,1991.227778,-0.53884772,-53.88%,2172374,988072,27.9,8.8,2,10.7,50.3,43.4,6.1
Jackson Av,2 5,IRT,Lenox - White Plains Rd,Melrose,Bx,201,31,32.3,36.7,69,41589.54545,4699.534247,1991.227778,-0.551884102,-55.19%,1600021,707173,27.9,8.8,2,10.7,50.3,43.4,6.1
3 Av - 149 St,2 5,IRT,Lenox - White Plains Rd,Melrose,Bx,201,31,32.3,36.7,69,41589.54545,4699.534247,1991.227778,-0.546313364,-54.63%,6833181,3032175,27.9,8.8,2,10.7,50.3,43.4,6.1
Harlem - 148 St,3,IRT,Lenox - White Plains Rd,Central Harlem,M,110,20.2,20.6,24.5,45.1,82659.28571,2977.073973,1308.75,-0.5786346,-57.86%,1151253,478453,20.4,10.4,14.2,38.6,38.6,37.2,6.2
145 St,3,IRT,Lenox - White Plains Rd,Central Harlem,M,110,20.2,20.6,24.5,45.1,82659.28571,2977.073973,1308.75,-0.547623621,-54.76%,992316,442751,20.4,10.4,14.2,38.6,38.6,37.2,6.2
135 St,2 3,IRT,Lenox - White Plains Rd,Central Harlem,M,110,20.2,20.6,24.5,45.1,82659.28571,2977.073973,1308.75,-0.579375287,-57.94%,4276125,1803654,20.4,10.4,14.2,38.6,38.6,37.2,6.2
125 St,2 3,IRT,Lenox - White Plains Rd,Central Harlem,M,110,20.2,20.6,24.5,45.1,82659.28571,2977.073973,1308.75,-0.790703021,-79.07%,8669190,1789580,20.4,10.4,14.2,38.6,38.6,37.2,6.2
Church Av,B Q,BMT,Broadway - Brighton,Flatbush & Midwood,Bk,314,21.5,20.4,26.9,47.3,55401.37931,11533.44932,4322.875,-0.572066458,-57.21%,5108862,2150315,25.1,13.1,40.8,38,48.6,42.7,4.4
116 St,2 3,IRT,Lenox - White Plains Rd,Central Harlem,M,110,20.2,20.6,24.5,45.1,82659.28571,2977.073973,1308.75,-0.601108799,-60.11%,3376904,1328565,20.4,10.4,14.2,38.6,38.6,37.2,6.2
Central Park North (110 St),2 3,IRT,Lenox - White Plains Rd,Central Harlem,M,110,20.2,20.6,24.5,45.1,82659.28571,2977.073973,1308.75,-0.618835219,-61.88%,2684064,1009056,20.4,10.4,14.2,38.6,38.6,37.2,6.2
Eastchester - Dyre Av,5,IRT,Dyre Av,"Wakefield, Willamsbridge & Woodlawn",Bx,212,20.9,22,26.4,48.4,27204.28571,3599.915068,1616.333333,-0.533742296,-53.37%,1385294,645904,22.3,13.2,6.3,23.4,52.6,47.1,6.3
Baychester Av,5,IRT,Dyre Av,"Wakefield, Willamsbridge & Woodlawn",Bx,212,20.9,22,26.4,48.4,27204.28571,3599.915068,1616.333333,-0.566659844,-56.67%,1116852,477347,22.3,13.2,6.3,23.4,52.6,47.1,6.3
Gun Hill Rd,5,IRT,Dyre Av,"Pelham Parkway, Morris Park & Laconia",Bx,211,20.6,20,29,49,31453.33333,11031.22192,3191.758333,-0.640468856,-64.05%,1275915,447420,22.3,14.4,21.7,24.8,49,44,6
Pelham Pkwy,5,IRT,Dyre Av,"Pelham Parkway, Morris Park & Laconia",Bx,211,20.6,20,29,49,31453.33333,11031.22192,3191.758333,-0.561376564,-56.14%,911910,393410,22.3,14.4,21.7,24.8,49,44,6
Morris Park,5,IRT,Dyre Av,"Pelham Parkway, Morris Park & Laconia",Bx,211,20.6,20,29,49,31453.33333,11031.22192,3191.758333,-0.572202531,-57.22%,719089,300882,22.3,14.4,21.7,24.8,49,44,6
Flushing - Main St,7,IRT,Flushing,"Flushing, Murray Hill & Whitestone",Q,407,25.5,22.9,25.4,48.3,20962.20339,12166.01102,3282.280556,-0.607726594,-60.77%,17838244,6901613,17.6,19.1,25.4,26.4,57.3,40.8,2.5
Mets - Willets Point,7,IRT,Flushing,"Flushing, Murray Hill & Whitestone",Q,407,25.5,22.9,25.4,48.3,20962.20339,12166.01102,3282.280556,-0.826173284,-82.62%,2129761,365138,17.6,19.1,25.4,26.4,57.3,40.8,2.5
111 St,7,IRT,Flushing,Elmhurst & South Corona,Q,404,25.6,23.2,36.8,60,71915.83333,4135.219178,1516.438889,-0.454989076,-45.50%,3856486,2078730,22.6,12.1,6.2,22.1,54.7,43.7,3.1
Beverley Rd,B Q,BMT,Broadway - Brighton,Flatbush & Midwood,Bk,314,21.5,20.4,26.9,47.3,55401.37931,11533.44932,4322.875,-0.562383738,-56.24%,1066198,460194,25.1,13.1,40.8,38,48.6,42.7,4.4
103 St - Corona Plaza,7,IRT,Flushing,Jackson Heights & North Corona,Q,403,24,22.1,33.3,55.4,57192,6601.027397,2410.344444,-0.496426718,-49.64%,6430861,3194048,22.2,12.7,10.4,20.3,53.4,42.9,3.5
Junction Blvd,7,IRT,Flushing,Jackson Heights & North Corona,Q,403,24,22.1,33.3,55.4,57192,6601.027397,2410.344444,-0.48886167,-48.89%,6906672,3481905,22.2,12.7,10.4,20.3,53.4,42.9,3.5
90 St - Elmhurst Av,7,IRT,Flushing,Jackson Heights & North Corona,Q,403,24,22.1,33.3,55.4,57192,6601.027397,2410.344444,-0.50981466,-50.98%,5302057,2563388,22.2,12.7,10.4,20.3,53.4,42.9,3.5
82 St - Jackson Hts,7,IRT,Flushing,Jackson Heights & North Corona,Q,403,24,22.1,33.3,55.4,57192,6601.027397,2410.344444,-0.543606186,-54.36%,4936775,2222249,22.2,12.7,10.4,20.3,53.4,42.9,3.5
69 St,7,IRT,Flushing,Sunnyside & Woodside,Q,402,18.8,14.8,28,42.8,22640,6330.690411,2364.655556,-0.538502967,-53.85%,1574629,716732,16.8,12.5,28.9,39.9,42.7,37.5,2.9
Woodside - 61 St,7,IRT,Flushing,Sunnyside & Woodside,Q,402,18.8,14.8,28,42.8,22640,6330.690411,2364.655556,-0.568499767,-56.85%,5425452,2321736,16.8,12.5,28.9,39.9,42.7,37.5,2.9
52 St,7,IRT,Flushing,Sunnyside & Woodside,Q,402,18.8,14.8,28,42.8,22640,6330.690411,2364.655556,-0.56803559,-56.80%,1903735,813309,16.8,12.5,28.9,39.9,42.7,37.5,2.9
46 St,7,IRT,Flushing,Sunnyside & Woodside,Q,402,18.8,14.8,28,42.8,22640,6330.690411,2364.655556,-0.576056686,-57.61%,4032340,1686066,16.8,12.5,28.9,39.9,42.7,37.5,2.9
40 St,7,IRT,Flushing,Sunnyside & Woodside,Q,402,18.8,14.8,28,42.8,22640,6330.690411,2364.655556,-0.612265362,-61.23%,3086285,1180267,16.8,12.5,28.9,39.9,42.7,37.5,2.9
Cortelyou Rd,B Q,BMT,Broadway - Brighton,Flatbush & Midwood,Bk,314,21.5,20.4,26.9,47.3,55401.37931,11533.44932,4322.875,-0.573675236,-57.37%,1984574,834483,25.1,13.1,40.8,38,48.6,42.7,4.4
33 St,7,IRT,Flushing,Sunnyside & Woodside,Q,402,18.8,14.8,28,42.8,22640,6330.690411,2364.655556,-0.674675545,-67.47%,2915034,935341,16.8,12.5,28.9,39.9,42.7,37.5,2.9
Queensboro Plaza,7,IRT,Flushing,Sunnyside & Woodside,Q,402,18.8,14.8,28,42.8,22640,6330.690411,2364.655556,-0.652471666,-65.25%,5073982,1739197,16.8,12.5,28.9,39.9,42.7,37.5,2.9
Hunters Point Av,7,IRT,Flushing,Sunnyside & Woodside,Q,402,18.8,14.8,28,42.8,22640,6330.690411,2364.655556,-0.629217898,-62.92%,1912867,699541,16.8,12.5,28.9,39.9,42.7,37.5,2.9
Vernon Blvd - Jackson Av,7,IRT,Flushing,Sunnyside & Woodside,Q,402,18.8,14.8,28,42.8,22640,6330.690411,2364.655556,-0.633667163,-63.37%,4679003,1690592,16.8,12.5,28.9,39.9,42.7,37.5,2.9
Newkirk Plaza,B Q,BMT,Broadway - Brighton,Flatbush & Midwood,Bk,314,21.5,20.4,26.9,47.3,55401.37931,11533.44932,4322.875,-0.582811136,-58.28%,3302124,1358738,25.1,13.1,40.8,38,48.6,42.7,4.4
34 St - 11 Av,7,IRT,Flushing,"Chelsea, Clinton",M,104,11.3,11.8,10.1,22,57358.33333,12978.71781,4862.4,-0.675565506,-67.56%,6162589,1971968,8.2,13.4,59.1,74.1,33.9,26.7,3.5
96 St,Q,IND,Second Av,Upper East Side,M,108,7.2,6.3,6.2,12.5,109960,4961.260274,2356.602778,-0.627395924,-62.74%,6203509,2279789,14.6,20.8,75.3,80.5,32.5,31.4,2
86 St,Q,IND,Second Av,Upper East Side,M,108,7.2,6.3,6.2,12.5,109960,4961.260274,2356.602778,-0.66394876,-66.39%,8386126,2779563,14.6,20.8,75.3,80.5,32.5,31.4,2
72 St,Q,IND,Second Av,Upper East Side,M,108,7.2,6.3,6.2,12.5,109960,4961.260274,2356.602778,-0.61832908,-61.83%,9542901,3592354,14.6,20.8,75.3,80.5,32.5,31.4,2
Avenue H,B Q,BMT,Broadway - Brighton,Flatbush & Midwood,Bk,314,21.5,20.4,26.9,47.3,55401.37931,11533.44932,4322.875,-0.602583475,-60.26%,1001129,392415,25.1,13.1,40.8,38,48.6,42.7,4.4
Avenue J,B Q,BMT,Broadway - Brighton,Flatbush & Midwood,Bk,314,21.5,20.4,26.9,47.3,55401.37931,11533.44932,4322.875,-0.54557633,-54.56%,1797551,805660,25.1,13.1,40.8,38,48.6,42.7,4.4
36 Av,N W,BMT,Astoria,Astoria & Long Island City,Q,401,18.1,16.7,23.3,40,30823.3871,25651.47107,10245.85,-0.578013153,-57.80%,1941170,807927,14.5,13,48.3,46.4,37.4,40,4.5
Avenue M,B Q,BMT,Broadway - Brighton,Flatbush & Midwood,Bk,314,21.5,20.4,26.9,47.3,55401.37931,11533.44932,4322.875,-0.548667892,-54.87%,1717495,764542,25.1,13.1,40.8,38,48.6,42.7,4.4
St George,SIR,SIR,Staten Island,"Port Richmond, Stapleton & Mariner's Harbor",SI,501,21.2,21.7,22.1,43.7,13018.96296,17628.32329,5109.883333,-0.681845372,-68.18%,3832986,1202777,23.1,13.1,37.7,31.2,50.5,43.6,2.9
Tompkinsville,SIR,SIR,Staten Island,"Port Richmond, Stapleton & Mariner's Harbor",SI,501,21.2,21.7,22.1,43.7,13018.96296,17628.32329,5109.883333,-0.569996238,-57.00%,216305,91483,23.1,13.1,37.7,31.2,50.5,43.6,2.9
Kings Hwy,B Q,BMT,Broadway - Brighton,"Sheepshead Bay, Gerritsen Beach & Homecrest",Bk,315,18.6,17.5,25.4,42.9,33968.08511,3830.142466,1614.866667,-0.564345285,-56.43%,6007510,2581348,22,18.3,65.5,40.2,47,46.3,3.7
Avenue U,B Q,BMT,Broadway - Brighton,"Sheepshead Bay, Gerritsen Beach & Homecrest",Bk,315,18.6,17.5,25.4,42.9,33968.08511,3830.142466,1614.866667,-0.57323896,-57.32%,2344901,987004,22,18.3,65.5,40.2,47,46.3,3.7
Neck Rd,B Q,BMT,Broadway - Brighton,"Sheepshead Bay, Gerritsen Beach & Homecrest",Bk,315,18.6,17.5,25.4,42.9,33968.08511,3830.142466,1614.866667,-0.575704631,-57.57%,1395956,584184,22,18.3,65.5,40.2,47,46.3,3.7
Sheepshead Bay,B Q,BMT,Broadway - Brighton,"Sheepshead Bay, Gerritsen Beach & Homecrest",Bk,315,18.6,17.5,25.4,42.9,33968.08511,3830.142466,1614.866667,-0.575689872,-57.57%,4225276,1773126,22,18.3,65.5,40.2,47,46.3,3.7
Brighton Beach,B Q,BMT,Broadway - Brighton,Brighton Beach & Coney Island,Bk,313,24.4,25.1,28.9,54,32586.875,9381.605479,3532.3,-0.549760444,-54.98%,3791850,1683854,19.9,23.9,55.9,38.6,45.2,46.8,4.5
Ocean Pkwy,Q,BMT,Broadway - Brighton,Brighton Beach & Coney Island,Bk,313,24.4,25.1,28.9,54,32586.875,9381.605479,3532.3,-0.55084095,-55.08%,1052804,467680,19.9,23.9,55.9,38.6,45.2,46.8,4.5
W 8 St - NY Aquarium,F Q,BMT,Broadway - Brighton,Brighton Beach & Coney Island,Bk,313,24.4,25.1,28.9,54,32586.875,9381.605479,3532.3,-0.617583101,-61.76%,846011,319097,19.9,23.9,55.9,38.6,45.2,46.8,4.5
Coney Island - Stillwell Av,D F N Q,BMT,Sea Beach / West End / Culver / Brighton,Brighton Beach & Coney Island,Bk,313,24.4,25.1,28.9,54,32586.875,9381.605479,3532.3,-0.580499836,-58.05%,4761740,1970187,19.9,23.9,55.9,38.6,45.2,46.8,4.5
9 Av,D,BMT,West End,"Borough Park, Kensington & Ocean Parkway",Bk,312,27.2,26.1,32.9,59.1,53161.66667,4245.958678,1490.344444,-0.524096717,-52.41%,1722926,808714,36.8,12.1,71.1,28.5,60.3,36.3,3.2
39 Av,N W,BMT,Astoria,Astoria & Long Island City,Q,401,18.1,16.7,23.3,40,30823.3871,25651.47107,10245.85,-0.555243679,-55.52%,779154,366918,14.5,13,48.3,46.4,37.4,40,4.5
Fort Hamilton Pkwy,D,BMT,West End,"Borough Park, Kensington & Ocean Parkway",Bk,312,27.2,26.1,32.9,59.1,53161.66667,4245.958678,1490.344444,-0.488485804,-48.85%,1218175,614578,36.8,12.1,71.1,28.5,60.3,36.3,3.2
6 Av,L,BMT,Canarsie,"Greenwich Village, Soho",M,102,8.8,7.9,6.7,14.6,64297.14286,#DIV/0!,5298.277778,-0.676636032,-67.66%,14836230,4731783,12.7,12.8,72.2,82.2,30.1,25.4,2.8
161 St - Yankee Stadium,B D,IND,Concourse,"Concourse, Highbridge ",Bx,204,32.4,34.7,36.2,70.9,73220.5,7448.131507,2786.330556,-0.62622227,-62.62%,8340129,3074651,27.3,9.9,2,15.6,53.9,42,6.3
34 St - Herald Sq,B D F M,IND,6th Av - Culver,Midtown Business Distric,M,105,11.3,11.8,10.1,22,32295.625,3712.825967,1225.022222,-0.689390634,-68.94%,39654757,12148411,8.2,13.4,59.1,74.1,33.9,26.7,3.5
50 St,D,BMT,West End,"Borough Park, Kensington & Ocean Parkway",Bk,312,27.2,26.1,32.9,59.1,53161.66667,4245.958678,1490.344444,-0.463540239,-46.35%,985126,521241,36.8,12.1,71.1,28.5,60.3,36.3,3.2
Grand Central - 42 St,7,IRT,Flushing,Midtown Business Distric,M,105,11.3,11.8,10.1,22,32295.625,3712.825967,1225.022222,-0.72656117,-72.66%,45186782,12186563,8.2,13.4,59.1,74.1,33.9,26.7,3.5
Times Sq - 42 St,7,IRT,Flushing,Midtown Business Distric,M,105,11.3,11.8,10.1,22,32295.625,3712.825967,1225.022222,-0.703719644,-70.37%,65602365,19170436,8.2,13.4,59.1,74.1,33.9,26.7,3.5
51 St,6,IRT,Lexington Av,Midtown Business Distric,M,105,11.3,11.8,10.1,22,32295.625,3712.825967,1225.022222,-0.729649704,-72.96%,6407482,1708535,8.2,13.4,59.1,74.1,33.9,26.7,3.5
62 St,D,BMT,West End,Bensonhurst & Bath Beach,Bk,311,22.5,22.6,28.9,51.4,49184.05405,6176.317808,2489.422222,-0.528063549,-52.81%,1518291,714552,21.3,15.6,40.2,30.5,49.9,46.6,4.1
Atlantic Av - Barclays Ctr,D N R,BMT,4th Av,"Park Slope, Carroll Gardens & Red Hook",Bk,306,9.6,10,8.8,18.9,33777.09677,2843.870523,1338.936111,-0.620557285,-62.06%,14115995,5297352,21.2,10.4,64.1,73,28.8,38.4,4
8 Av,L,BMT,Canarsie,"Chelsea, Clinton",M,104,11.3,11.8,10.1,22,57358.33333,12978.71781,4862.4,-0.702457661,-70.25%,14371716,4217616,8.2,13.4,59.1,74.1,33.9,26.7,3.5
55 St,D,BMT,West End,"Borough Park, Kensington & Ocean Parkway",Bk,312,27.2,26.1,32.9,59.1,53161.66667,4245.958678,1490.344444,-0.474671359,-47.47%,648647,336085,36.8,12.1,71.1,28.5,60.3,36.3,3.2
Borough Hall,2 3,IRT,Clark St,Brooklyn Heights & Fort Greene,Bk,302,11,12,15.8,27.8,35577.5,1364.909589,676.5611111,-0.676256793,-67.63%,10314393,3293472,17.9,10.7,46.4,62.9,31.2,35.2,4.6
Delancey St,F,IND,6th Av - Culver,Chinatown & Lower East Side,M,103,19.3,21.5,27.4,48.8,96045.29412,3085.863014,1290.611111,-0.62571445,-62.57%,8912766,3290222,11.4,17.9,33.3,43.3,38.4,31.3,3.6
Lorimer St,L,BMT,Canarsie,Greenpoint & Williamsburg,Bk,301,15.5,15.4,27,42.5,36826.17021,1670.775342,814.9472222,-0.6277223,-62.77%,4736196,1739027,22,9.6,63,49.6,40.2,34.5,3.7
Jay St - MetroTech,A C F,IND,8th Av - Fulton St,Brooklyn Heights & Fort Greene,Bk,302,11,12,15.8,27.8,35577.5,1364.909589,676.5611111,-0.675584058,-67.56%,12590903,4028735,17.9,10.7,46.4,62.9,31.2,35.2,4.6
71 St,D,BMT,West End,Bensonhurst & Bath Beach,Bk,311,22.5,22.6,28.9,51.4,49184.05405,6176.317808,2489.422222,-0.578135955,-57.81%,1746102,726527,21.3,15.6,40.2,30.5,49.9,46.6,4.1
79 St,D,BMT,West End,Bensonhurst & Bath Beach,Bk,311,22.5,22.6,28.9,51.4,49184.05405,6176.317808,2489.422222,-0.573701167,-57.37%,1943852,815040,21.3,15.6,40.2,30.5,49.9,46.6,4.1
18 Av,D,BMT,West End,Bensonhurst & Bath Beach,Bk,311,22.5,22.6,28.9,51.4,49184.05405,6176.317808,2489.422222,-0.559408271,-55.94%,1964740,853790,21.3,15.6,40.2,30.5,49.9,46.6,4.1
20 Av,D,BMT,West End,Bensonhurst & Bath Beach,Bk,311,22.5,22.6,28.9,51.4,49184.05405,6176.317808,2489.422222,-0.550897683,-55.09%,1597421,707578,21.3,15.6,40.2,30.5,49.9,46.6,4.1
Bay Pkwy,D,BMT,West End,Bensonhurst & Bath Beach,Bk,311,22.5,22.6,28.9,51.4,49184.05405,6176.317808,2489.422222,-0.550596633,-55.06%,2480792,1099604,21.3,15.6,40.2,30.5,49.9,46.6,4.1
25 Av,D,BMT,West End,Bensonhurst & Bath Beach,Bk,311,22.5,22.6,28.9,51.4,49184.05405,6176.317808,2489.422222,-0.59004126,-59.00%,1539582,622519,21.3,15.6,40.2,30.5,49.9,46.6,4.1
Bay 50 St,D,BMT,West End,Brighton Beach & Coney Island,Bk,313,24.4,25.1,28.9,54,32586.875,9381.605479,3532.3,-0.566323044,-56.63%,839438,359058,19.9,23.9,55.9,38.6,45.2,46.8,4.5
8 Av,N,BMT,Sea Beach,Bay Ridge & Dyker Heights,Bk,310,19,17.6,20.4,38,31122.75,8908.531507,3590.094444,-0.640405561,-64.04%,3827941,1346002,19.6,16.6,54.6,41.8,43.4,44.5,3.8
Fort Hamilton Pkwy,N,BMT,Sea Beach,Bay Ridge & Dyker Heights,Bk,310,19,17.6,20.4,38,31122.75,8908.531507,3590.094444,-0.4293781,-42.94%,1370406,775521,19.6,16.6,54.6,41.8,43.4,44.5,3.8
18 Av,N,BMT,Sea Beach,Bensonhurst & Bath Beach,Bk,311,22.5,22.6,28.9,51.4,49184.05405,6176.317808,2489.422222,-0.4199838,-42.00%,1192328,682096,21.3,15.6,40.2,30.5,49.9,46.6,4.1
20 Av,N,BMT,Sea Beach,Bensonhurst & Bath Beach,Bk,311,22.5,22.6,28.9,51.4,49184.05405,6176.317808,2489.422222,-0.571370183,-57.14%,1148607,485583,21.3,15.6,40.2,30.5,49.9,46.6,4.1
Bay Pkwy,N,BMT,Sea Beach,Bensonhurst & Bath Beach,Bk,311,22.5,22.6,28.9,51.4,49184.05405,6176.317808,2489.422222,-0.544572606,-54.46%,2091856,939638,21.3,15.6,40.2,30.5,49.9,46.6,4.1
Kings Hwy,N,BMT,Sea Beach,Bensonhurst & Bath Beach,Bk,311,22.5,22.6,28.9,51.4,49184.05405,6176.317808,2489.422222,-0.487555277,-48.76%,1398635,706905,21.3,15.6,40.2,30.5,49.9,46.6,4.1
Avenue U,N,BMT,Sea Beach,Bensonhurst & Bath Beach,Bk,311,22.5,22.6,28.9,51.4,49184.05405,6176.317808,2489.422222,-0.506529749,-50.65%,1040239,513327,21.3,15.6,40.2,30.5,49.9,46.6,4.1
86 St,N,BMT,Sea Beach,"Sheepshead Bay, Gerritsen Beach & Homecrest",Bk,315,18.6,17.5,25.4,42.9,33968.08511,3830.142466,1614.866667,-0.47460313,-47.46%,725371,375887,22,18.3,65.5,40.2,47,46.3,3.7
5 Av/59 St,N W R,BMT,Astoria,Upper East Side,M,108,7.2,6.3,6.2,12.5,109960,4961.260274,2356.602778,-0.870890623,-87.09%,12452070,1585656,14.6,20.8,75.3,80.5,32.5,31.4,2
121 St,J Z,BMT,Jamaica,Richmond Hill & Woodhaven,Q,409,21.5,19.6,24.7,44.3,37715,7818.558904,2404.733146,-0.531693942,-53.17%,692525,319871,21.8,12.1,18,27,47.7,46.5,4.2
111 St,J,BMT,Jamaica,Richmond Hill & Woodhaven,Q,409,21.5,19.6,24.7,44.3,37715,7818.558904,2404.733146,-0.478494931,-47.85%,356603,302938,21.8,12.1,18,27,47.7,46.5,4.2
104 St,J Z,BMT,Jamaica,Richmond Hill & Woodhaven,Q,409,21.5,19.6,24.7,44.3,37715,7818.558904,2404.733146,-0.530993225,-53.10%,784369,362835,21.8,12.1,18,27,47.7,46.5,4.2
Woodhaven Blvd,J Z,BMT,Jamaica,Richmond Hill & Woodhaven,Q,409,21.5,19.6,24.7,44.3,37715,7818.558904,2404.733146,-0.494338978,-49.43%,1356567,678425,21.8,12.1,18,27,47.7,46.5,4.2
85 St - Forest Pkwy,J,BMT,Jamaica,Richmond Hill & Woodhaven,Q,409,21.5,19.6,24.7,44.3,37715,7818.558904,2404.733146,-0.478293033,-47.83%,1077286,551249,21.8,12.1,18,27,47.7,46.5,4.2
75 St,J Z,BMT,Jamaica,Richmond Hill & Woodhaven,Q,409,21.5,19.6,24.7,44.3,37715,7818.558904,2404.733146,-0.485781124,-48.58%,1039202,525593,21.8,12.1,18,27,47.7,46.5,4.2
Cypress Hills,J,BMT,Jamaica,East New York & Starrett City,Bk,305,28.7,28.9,29.3,58.2,32660,3560.231844,1693.341667,-0.468018907,-46.80%,427903,224518,25.9,11.5,3.7,14.8,49.7,44.9,4.4
Crescent St,J Z,BMT,Jamaica,East New York & Starrett City,Bk,305,28.7,28.9,29.3,58.2,32660,3560.231844,1693.341667,-0.512545957,-51.25%,1408465,677157,25.9,11.5,3.7,14.8,49.7,44.9,4.4
Norwood Av,J Z,BMT,Jamaica,East New York & Starrett City,Bk,305,28.7,28.9,29.3,58.2,32660,3560.231844,1693.341667,-0.522030132,-52.20%,959893,452515,25.9,11.5,3.7,14.8,49.7,44.9,4.4
Cleveland St,J,BMT,Jamaica,East New York & Starrett City,Bk,305,28.7,28.9,29.3,58.2,32660,3560.231844,1693.341667,-0.508330018,-50.83%,895763,435580,25.9,11.5,3.7,14.8,49.7,44.9,4.4
57 St - 7 Av,N Q R W,BMT,Broadway - Brighton,Midtown Business Distric,M,105,11.3,11.8,10.1,22,32295.625,3712.825967,1225.022222,-0.690293626,-69.03%,11085136,3386108,8.2,13.4,59.1,74.1,33.9,26.7,3.5
Van Siclen Av,J Z,BMT,Jamaica,East New York & Starrett City,Bk,305,28.7,28.9,29.3,58.2,32660,3560.231844,1693.341667,-0.481572227,-48.16%,802485,413732,25.9,11.5,3.7,14.8,49.7,44.9,4.4
Alabama Av,J,BMT,Jamaica,East New York & Starrett City,Bk,305,28.7,28.9,29.3,58.2,32660,3560.231844,1693.341667,-0.462734889,-46.27%,659448,349445,25.9,11.5,3.7,14.8,49.7,44.9,4.4
Chauncey St,J Z,BMT,Jamaica,Brownsville & Ocean Hill,Bk,316,29.4,29.6,31.1,60.7,45509.47368,2488.638356,985.7027778,-0.551592127,-55.16%,1094619,484112,24.4,11.5,2.6,14.4,55.2,46.9,7
Halsey St,J,BMT,Jamaica,Brownsville & Ocean Hill,Bk,316,29.4,29.6,31.1,60.7,45509.47368,2488.638356,985.7027778,-0.596845873,-59.68%,2137864,850082,24.4,11.5,2.6,14.4,55.2,46.9,7
Gates Av,J Z,BMT,Jamaica,Bedford-Stuyvesant,Bk,303,21.2,21.6,29.6,51.3,52753.44828,2920.580822,1350.863889,-0.581054248,-58.11%,2283208,943437,25.3,10.1,26,33.8,45.1,41.8,5.7
Kosciuszko St,J,BMT,Jamaica,Bedford-Stuyvesant,Bk,303,21.2,21.6,29.6,51.3,52753.44828,2920.580822,1350.863889,-0.597726114,-59.77%,1808562,717571,25.3,10.1,26,33.8,45.1,41.8,5.7
Myrtle Av,J M Z,BMT,Jamaica,Bedford-Stuyvesant,Bk,303,21.2,21.6,29.6,51.3,52753.44828,2920.580822,1350.863889,-0.599032542,-59.90%,3899058,1541979,25.3,10.1,26,33.8,45.1,41.8,5.7
Flushing Av,J M,BMT,Jamaica,Bedford-Stuyvesant,Bk,303,21.2,21.6,29.6,51.3,52753.44828,2920.580822,1350.863889,-0.548518596,-54.85%,2809349,1233619,25.3,10.1,26,33.8,45.1,41.8,5.7
Lorimer St,J M,BMT,Jamaica,Greenpoint & Williamsburg,Bk,301,15.5,15.4,27,42.5,36826.17021,1670.775342,814.9472222,-0.592171179,-59.22%,1765914,710325,22,9.6,63,49.6,40.2,34.5,3.7